-- MariaDB dump 10.19  Distrib 10.5.12-MariaDB, for Linux (x86_64)
--
-- Host: mysql.hostinger.ro    Database: u574849695_15
-- ------------------------------------------------------
-- Server version	10.5.12-MariaDB-cll-lve

/*!40101 SET @OLD_CHARACTER_SET_CLIENT=@@CHARACTER_SET_CLIENT */;
/*!40101 SET @OLD_CHARACTER_SET_RESULTS=@@CHARACTER_SET_RESULTS */;
/*!40101 SET @OLD_COLLATION_CONNECTION=@@COLLATION_CONNECTION */;
/*!40101 SET NAMES utf8mb4 */;
/*!40103 SET @OLD_TIME_ZONE=@@TIME_ZONE */;
/*!40103 SET TIME_ZONE='+00:00' */;
/*!40014 SET @OLD_UNIQUE_CHECKS=@@UNIQUE_CHECKS, UNIQUE_CHECKS=0 */;
/*!40014 SET @OLD_FOREIGN_KEY_CHECKS=@@FOREIGN_KEY_CHECKS, FOREIGN_KEY_CHECKS=0 */;
/*!40101 SET @OLD_SQL_MODE=@@SQL_MODE, SQL_MODE='NO_AUTO_VALUE_ON_ZERO' */;
/*!40111 SET @OLD_SQL_NOTES=@@SQL_NOTES, SQL_NOTES=0 */;

--
-- Table structure for table `communities`
--

DROP TABLE IF EXISTS `communities`;
/*!40101 SET @saved_cs_client     = @@character_set_client */;
/*!40101 SET character_set_client = utf8 */;
CREATE TABLE `communities` (
  `id` bigint(20) unsigned NOT NULL AUTO_INCREMENT,
  `name` varchar(150) COLLATE utf8mb4_unicode_ci DEFAULT NULL,
  `admin_user_id` bigint(20) unsigned DEFAULT NULL,
  PRIMARY KEY (`id`),
  KEY `communities_name_idx` (`name`),
  KEY `admin_user_id` (`admin_user_id`),
  CONSTRAINT `communities_ibfk_1` FOREIGN KEY (`admin_user_id`) REFERENCES `users` (`id`) ON DELETE SET NULL ON UPDATE CASCADE
) ENGINE=InnoDB AUTO_INCREMENT=101 DEFAULT CHARSET=utf8mb4 COLLATE=utf8mb4_unicode_ci;
/*!40101 SET character_set_client = @saved_cs_client */;

--
-- Dumping data for table `communities`
--

LOCK TABLES `communities` WRITE;
/*!40000 ALTER TABLE `communities` DISABLE KEYS */;
INSERT INTO `communities` VALUES (1,'hic',79),(2,'perspiciatis',94),(3,'nihil',84),(4,'voluptate',68),(5,'illum',19),(6,'voluptatem',69),(7,'aut',86),(8,'amet',53),(9,'consequatur',45),(10,'maxime',75),(11,'ut',88),(12,'corrupti',63),(13,'et',87),(14,'maxime',48),(15,'vitae',18),(16,'quia',13),(17,'fugiat',70),(18,'in',67),(19,'illo',87),(20,'sunt',59),(21,'ut',27),(22,'esse',75),(23,'et',64),(24,'nemo',22),(25,'facilis',95),(26,'laborum',34),(27,'voluptatum',37),(28,'cum',54),(29,'voluptatem',1),(30,'ea',19),(31,'et',1),(32,'saepe',79),(33,'ipsam',13),(34,'voluptatem',84),(35,'neque',46),(36,'ea',32),(37,'et',53),(38,'dolores',32),(39,'laudantium',85),(40,'possimus',97),(41,'quae',6),(42,'cum',73),(43,'incidunt',59),(44,'laborum',92),(45,'repudiandae',20),(46,'rerum',77),(47,'aperiam',5),(48,'optio',90),(49,'reprehenderit',43),(50,'non',91),(51,'qui',49),(52,'molestiae',69),(53,'rerum',65),(54,'repellat',12),(55,'quisquam',91),(56,'voluptatem',60),(57,'et',45),(58,'est',28),(59,'minima',13),(60,'culpa',46),(61,'aliquid',47),(62,'nobis',13),(63,'iure',24),(64,'sed',59),(65,'corrupti',97),(66,'voluptas',70),(67,'unde',90),(68,'impedit',49),(69,'sunt',1),(70,'animi',75),(71,'voluptas',46),(72,'inventore',6),(73,'doloribus',47),(74,'ea',4),(75,'voluptatem',98),(76,'adipisci',66),(77,'quam',80),(78,'dolorem',2),(79,'qui',55),(80,'recusandae',23),(81,'et',93),(82,'voluptatem',3),(83,'qui',92),(84,'aut',58),(85,'neque',15),(86,'vel',83),(87,'sit',18),(88,'earum',60),(89,'voluptate',10),(90,'non',31),(91,'earum',5),(92,'dolor',56),(93,'voluptatibus',44),(94,'enim',28),(95,'quod',15),(96,'nesciunt',40),(97,'aut',98),(98,'nesciunt',5),(99,'est',89),(100,'dolores',99);
/*!40000 ALTER TABLE `communities` ENABLE KEYS */;
UNLOCK TABLES;

--
-- Table structure for table `friend_requests`
--

DROP TABLE IF EXISTS `friend_requests`;
/*!40101 SET @saved_cs_client     = @@character_set_client */;
/*!40101 SET character_set_client = utf8 */;
CREATE TABLE `friend_requests` (
  `initiator_user_id` bigint(20) unsigned NOT NULL,
  `target_user_id` bigint(20) unsigned NOT NULL,
  `status` enum('requested','approved','declined','unfriended') COLLATE utf8mb4_unicode_ci DEFAULT NULL,
  `requested_at` datetime DEFAULT current_timestamp(),
  `updated_at` datetime DEFAULT NULL ON UPDATE current_timestamp(),
  PRIMARY KEY (`initiator_user_id`,`target_user_id`),
  KEY `target_user_id` (`target_user_id`),
  CONSTRAINT `friend_requests_ibfk_1` FOREIGN KEY (`initiator_user_id`) REFERENCES `users` (`id`) ON DELETE CASCADE ON UPDATE CASCADE,
  CONSTRAINT `friend_requests_ibfk_2` FOREIGN KEY (`target_user_id`) REFERENCES `users` (`id`) ON DELETE CASCADE ON UPDATE CASCADE
) ENGINE=InnoDB DEFAULT CHARSET=utf8mb4 COLLATE=utf8mb4_unicode_ci;
/*!40101 SET character_set_client = @saved_cs_client */;

--
-- Dumping data for table `friend_requests`
--

LOCK TABLES `friend_requests` WRITE;
/*!40000 ALTER TABLE `friend_requests` DISABLE KEYS */;
INSERT INTO `friend_requests` VALUES (2,30,'requested','2008-06-06 15:39:05','2020-06-23 14:43:30'),(2,58,'declined','1971-09-13 23:18:09','2000-04-26 12:08:26'),(4,48,'requested','1981-04-30 09:02:53','2010-08-07 23:25:19'),(6,76,'unfriended','1972-07-27 02:10:36','1971-01-07 19:31:29'),(10,24,'unfriended','2017-06-14 10:49:12','1970-03-09 05:00:18'),(11,83,'declined','2006-06-10 07:10:34','1992-08-17 03:37:45'),(12,17,'declined','2001-01-13 00:42:42','2015-05-13 08:27:33'),(15,46,'requested','2000-06-24 16:06:23','2007-02-18 20:05:40'),(16,8,'requested','2007-05-31 04:20:11','2012-07-13 11:58:34'),(16,66,'approved','1975-01-29 21:03:32','2002-09-06 19:40:20'),(17,8,'approved','2012-11-06 14:53:04','1998-11-11 00:05:50'),(17,74,'requested','1985-05-19 16:43:01','2007-10-23 18:50:24'),(17,93,'approved','1998-06-28 06:46:13','1988-09-02 23:37:46'),(19,45,'unfriended','1992-09-25 20:33:31','1978-07-05 21:57:38'),(20,16,'declined','1970-07-09 19:18:57','2016-12-18 06:37:25'),(20,70,'requested','1972-10-27 08:32:04','1992-11-21 06:08:01'),(23,4,'approved','2005-05-08 16:02:35','2014-10-16 03:05:47'),(24,41,'unfriended','2005-06-16 04:15:16','1976-12-30 00:01:00'),(26,58,'requested','1998-09-11 01:51:28','1982-11-03 00:12:22'),(27,2,'declined','1973-02-20 13:26:53','2007-12-17 21:20:49'),(27,33,'requested','1988-11-22 17:51:16','1974-06-03 13:00:38'),(28,29,'declined','2011-01-18 12:30:47','1981-03-25 12:53:05'),(28,66,'unfriended','1998-08-22 07:25:31','2017-01-19 15:59:10'),(29,12,'declined','1978-10-05 00:28:34','1976-03-31 21:51:33'),(29,77,'declined','1987-10-28 11:32:00','1976-06-11 04:35:48'),(31,97,'declined','2012-09-16 07:59:33','2000-05-16 13:07:19'),(32,69,'approved','1981-08-09 03:13:38','1991-07-24 03:58:17'),(35,33,'approved','1988-07-02 22:18:54','1977-11-21 23:09:56'),(36,97,'requested','1974-02-14 17:48:23','1970-07-16 06:14:34'),(37,40,'approved','2016-03-03 21:48:33','1970-02-23 07:50:03'),(38,97,'declined','1978-07-07 22:32:23','2021-08-28 00:26:58'),(39,39,'declined','1974-09-06 00:50:24','1971-08-05 20:51:12'),(39,90,'requested','1988-07-25 05:52:44','1996-10-24 08:41:26'),(40,7,'approved','1998-10-17 13:59:00','2011-12-28 01:26:03'),(40,14,'declined','1978-02-14 18:58:57','1992-09-30 11:40:41'),(42,26,'unfriended','1998-05-09 11:50:25','1970-07-31 07:21:57'),(44,42,'approved','1981-03-13 02:44:25','2002-09-16 14:18:41'),(44,43,'declined','2018-02-04 12:51:45','1974-06-03 20:20:27'),(44,44,'approved','2009-06-27 17:50:13','2001-07-19 12:24:56'),(44,57,'declined','1977-11-07 12:57:45','1987-05-19 07:44:25'),(46,62,'approved','1983-02-06 22:28:00','1993-07-16 00:41:30'),(47,89,'declined','1985-01-03 03:38:21','1999-03-17 07:31:42'),(48,34,'unfriended','2010-07-27 00:59:39','1970-09-06 20:56:27'),(48,45,'unfriended','2009-04-11 10:59:59','2008-04-01 17:02:53'),(49,5,'declined','1992-04-15 10:47:44','1982-08-18 02:15:47'),(49,88,'declined','1993-05-26 01:24:36','1991-07-17 23:09:40'),(49,90,'unfriended','1984-03-30 23:31:10','1975-02-16 19:21:45'),(51,63,'unfriended','2020-12-15 04:36:16','1996-11-07 14:33:35'),(52,15,'approved','1971-12-26 09:31:50','1988-10-18 15:05:59'),(54,58,'unfriended','2001-03-31 09:28:42','2006-06-06 23:17:47'),(55,14,'unfriended','1988-07-20 02:16:47','1983-09-15 12:11:56'),(55,94,'unfriended','2003-08-13 01:56:14','2016-01-10 05:59:52'),(56,74,'declined','2014-07-03 10:22:12','2007-08-12 22:18:55'),(58,1,'unfriended','2011-10-09 06:39:21','1989-07-01 05:43:42'),(61,15,'approved','1972-04-10 01:15:53','2013-05-31 01:59:59'),(61,33,'approved','2011-07-02 06:27:17','2007-07-12 02:58:51'),(61,40,'requested','1970-06-06 04:17:20','2003-09-10 04:41:33'),(62,31,'declined','2013-01-30 00:28:46','1976-10-30 19:34:45'),(62,34,'declined','1991-04-28 10:32:07','2017-11-29 17:50:57'),(62,43,'declined','2013-09-19 19:57:57','1971-08-13 09:51:37'),(63,16,'approved','2021-10-01 15:00:03','1983-06-24 03:45:40'),(63,81,'approved','2008-03-30 18:46:06','1975-08-27 01:39:10'),(64,27,'approved','1993-05-07 13:41:47','2008-03-14 23:11:38'),(65,1,'approved','1983-01-31 00:03:54','1994-10-04 21:23:36'),(65,51,'approved','2018-07-18 11:30:51','2017-01-12 14:26:28'),(66,71,'requested','2010-07-24 03:49:09','1991-02-15 01:31:14'),(67,28,'unfriended','2016-03-27 18:30:10','1971-10-06 13:21:10'),(68,92,'approved','1988-05-10 00:49:16','1980-07-17 00:17:04'),(69,72,'unfriended','1999-06-24 08:41:20','1998-12-03 17:23:36'),(70,16,'declined','1994-10-26 16:11:18','1981-12-12 18:49:10'),(70,19,'declined','2017-10-07 01:25:07','2008-01-02 17:25:41'),(73,5,'requested','1974-04-17 18:30:28','2019-01-27 15:32:39'),(73,31,'approved','2005-01-05 15:53:18','2006-08-31 06:15:56'),(74,23,'unfriended','1996-04-06 20:58:08','1978-10-27 18:47:17'),(76,35,'declined','1976-11-04 20:20:35','1976-01-02 07:00:41'),(77,1,'requested','2012-11-10 06:32:28','2022-10-09 13:06:38'),(78,61,'declined','1976-11-29 15:49:13','1998-05-24 02:27:31'),(78,76,'declined','2017-08-06 09:40:33','2002-04-07 00:17:38'),(78,77,'requested','1980-07-08 01:54:55','1975-12-29 08:49:37'),(79,1,'declined','1996-06-07 00:46:42','1980-04-10 08:50:46'),(80,5,'requested','1989-06-16 17:32:42','1984-11-15 15:59:28'),(81,71,'unfriended','2018-10-14 02:38:59','1989-04-01 01:01:41'),(83,79,'declined','2015-07-04 05:02:29','1981-08-21 14:43:16'),(84,14,'requested','2005-10-25 10:32:21','1991-11-27 04:41:42'),(84,26,'unfriended','1975-09-03 21:24:27','1992-11-08 08:04:40'),(85,31,'approved','1973-04-09 21:01:21','2014-06-04 18:33:36'),(85,35,'declined','2016-08-17 18:22:32','1991-09-22 00:06:59'),(85,87,'approved','1982-02-28 01:10:45','1974-06-22 23:12:54'),(88,67,'declined','2004-12-24 14:02:52','2001-01-23 10:50:19'),(90,15,'approved','1996-05-25 22:53:12','1984-07-09 11:36:33'),(91,57,'unfriended','1999-08-31 22:20:55','1976-03-04 21:01:41'),(92,51,'declined','1979-07-06 04:44:03','1980-02-14 07:59:36'),(93,52,'requested','1972-09-23 01:49:34','1984-06-18 03:03:59'),(94,13,'approved','2013-06-09 04:41:34','2017-04-09 16:41:56'),(94,60,'unfriended','2001-08-27 13:55:22','1983-06-23 00:00:15'),(96,76,'declined','1990-07-12 06:47:42','2018-06-20 11:59:05'),(96,92,'declined','1997-04-19 01:17:44','1989-08-24 16:05:17'),(98,23,'declined','1983-03-20 12:20:02','1973-12-07 09:50:23'),(100,1,'approved','2001-08-25 14:05:55','2014-07-27 01:02:20');
/*!40000 ALTER TABLE `friend_requests` ENABLE KEYS */;
UNLOCK TABLES;

--
-- Table structure for table `likes`
--

DROP TABLE IF EXISTS `likes`;
/*!40101 SET @saved_cs_client     = @@character_set_client */;
/*!40101 SET character_set_client = utf8 */;
CREATE TABLE `likes` (
  `id` bigint(20) unsigned NOT NULL AUTO_INCREMENT,
  `user_id` bigint(20) unsigned NOT NULL,
  `media_id` bigint(20) unsigned NOT NULL,
  `created_at` datetime DEFAULT current_timestamp(),
  PRIMARY KEY (`id`),
  KEY `user_id` (`user_id`),
  KEY `media_id` (`media_id`),
  CONSTRAINT `likes_ibfk_1` FOREIGN KEY (`user_id`) REFERENCES `users` (`id`) ON DELETE CASCADE ON UPDATE CASCADE,
  CONSTRAINT `likes_ibfk_2` FOREIGN KEY (`media_id`) REFERENCES `media` (`id`) ON DELETE CASCADE ON UPDATE CASCADE
) ENGINE=InnoDB AUTO_INCREMENT=101 DEFAULT CHARSET=utf8mb4 COLLATE=utf8mb4_unicode_ci;
/*!40101 SET character_set_client = @saved_cs_client */;

--
-- Dumping data for table `likes`
--

LOCK TABLES `likes` WRITE;
/*!40000 ALTER TABLE `likes` DISABLE KEYS */;
INSERT INTO `likes` VALUES (1,39,95,'1994-05-22 05:59:58'),(2,35,43,'2013-11-13 16:24:20'),(3,52,85,'1986-05-18 18:30:59'),(4,42,36,'1989-10-24 03:30:49'),(5,11,58,'2013-05-12 20:07:51'),(6,49,19,'1981-04-01 11:18:54'),(7,62,32,'1996-07-04 10:46:37'),(8,83,5,'2013-11-19 15:46:16'),(9,72,4,'1977-08-09 16:43:17'),(10,92,35,'2002-11-12 14:06:01'),(11,52,66,'1998-10-22 03:06:51'),(12,62,14,'2015-06-24 16:35:56'),(13,82,62,'2020-07-29 18:45:52'),(14,67,70,'2005-03-17 12:38:57'),(15,62,84,'2022-11-06 01:36:19'),(16,30,1,'2021-06-05 00:35:18'),(17,79,65,'1990-10-20 15:38:10'),(18,43,30,'2007-07-11 15:17:12'),(19,49,84,'2015-06-11 21:23:48'),(20,65,59,'1985-04-08 01:41:49'),(21,42,14,'1974-07-02 23:22:37'),(22,78,3,'1970-10-18 08:52:15'),(23,45,61,'1979-05-14 07:01:01'),(24,8,17,'1982-10-05 23:11:26'),(25,65,100,'1990-07-13 08:11:48'),(26,51,16,'1976-07-30 09:17:33'),(27,65,13,'2014-04-15 01:32:48'),(28,30,46,'1997-06-24 14:21:35'),(29,75,96,'1982-11-15 13:18:05'),(30,15,36,'1995-04-05 15:53:18'),(31,79,45,'1995-03-16 18:56:25'),(32,36,58,'2012-10-25 06:37:38'),(33,9,79,'2016-04-09 21:55:22'),(34,87,57,'2016-11-10 10:56:42'),(35,62,52,'2002-10-10 12:33:06'),(36,16,4,'1979-04-24 07:30:47'),(37,66,93,'1994-05-24 18:24:02'),(38,7,11,'2022-10-20 13:29:52'),(39,54,14,'2002-10-02 15:22:23'),(40,27,18,'1985-02-21 05:38:23'),(41,14,77,'2014-01-14 02:59:55'),(42,34,79,'1982-04-22 01:16:54'),(43,90,63,'1988-06-14 04:56:31'),(44,25,64,'2003-04-23 05:09:07'),(45,58,40,'2008-11-13 14:10:19'),(46,100,37,'1997-10-11 16:21:42'),(47,84,36,'2006-07-10 19:03:47'),(48,94,92,'2000-09-19 20:31:36'),(49,14,81,'2019-02-27 03:34:03'),(50,48,76,'2021-03-08 03:01:10'),(51,33,63,'1999-08-15 21:22:28'),(52,79,98,'1975-07-18 01:36:46'),(53,56,85,'2011-10-29 16:09:35'),(54,8,10,'2008-05-07 14:40:21'),(55,99,34,'2019-04-02 09:42:17'),(56,27,13,'2018-01-19 23:16:54'),(57,11,60,'1977-06-14 18:51:40'),(58,91,100,'1993-09-09 18:14:43'),(59,23,15,'1973-11-28 12:02:07'),(60,64,80,'2010-06-03 21:54:11'),(61,54,63,'2022-05-03 11:24:36'),(62,16,37,'1992-02-27 03:40:53'),(63,98,9,'2009-10-21 13:51:31'),(64,29,12,'2012-04-19 02:41:39'),(65,90,76,'1983-08-26 05:41:44'),(66,87,22,'2007-06-24 17:18:39'),(67,39,65,'1985-06-02 04:24:16'),(68,19,94,'2021-02-09 20:59:27'),(69,50,26,'1985-10-22 05:01:26'),(70,3,49,'1984-10-11 22:20:45'),(71,60,30,'1989-09-14 23:34:48'),(72,61,70,'1976-02-24 07:57:10'),(73,90,51,'1994-09-27 02:39:39'),(74,70,12,'1995-03-14 18:57:07'),(75,66,34,'2011-04-19 23:55:32'),(76,91,19,'2016-09-29 12:10:41'),(77,97,7,'1976-11-26 18:52:09'),(78,56,95,'1995-04-09 08:33:41'),(79,16,84,'2007-05-17 04:22:55'),(80,6,5,'2001-06-22 00:17:55'),(81,60,92,'2017-05-20 01:40:07'),(82,26,98,'2009-08-10 11:09:48'),(83,57,45,'1975-05-06 05:01:15'),(84,92,7,'1998-10-24 11:19:30'),(85,71,94,'2007-08-05 09:50:16'),(86,55,30,'1978-09-16 04:18:05'),(87,23,16,'1982-09-14 00:18:41'),(88,100,12,'2009-04-28 21:04:10'),(89,67,69,'1977-07-31 02:25:35'),(90,24,32,'1995-03-25 01:16:40'),(91,3,14,'2002-02-11 06:40:12'),(92,51,99,'1993-09-21 05:25:22'),(93,21,7,'1991-03-24 09:59:21'),(94,93,37,'1973-06-16 19:47:05'),(95,91,98,'2003-03-05 02:30:27'),(96,41,50,'2007-12-16 01:39:37'),(97,90,67,'1995-03-17 13:41:59'),(98,48,47,'1979-12-19 20:11:36'),(99,12,39,'1990-12-03 22:54:43'),(100,53,82,'2008-05-24 02:57:27');
/*!40000 ALTER TABLE `likes` ENABLE KEYS */;
UNLOCK TABLES;

--
-- Table structure for table `media`
--

DROP TABLE IF EXISTS `media`;
/*!40101 SET @saved_cs_client     = @@character_set_client */;
/*!40101 SET character_set_client = utf8 */;
CREATE TABLE `media` (
  `id` bigint(20) unsigned NOT NULL AUTO_INCREMENT,
  `media_type_id` bigint(20) unsigned DEFAULT NULL,
  `user_id` bigint(20) unsigned NOT NULL,
  `body` text COLLATE utf8mb4_unicode_ci DEFAULT NULL,
  `filename` varchar(255) COLLATE utf8mb4_unicode_ci DEFAULT NULL,
  `size` int(11) DEFAULT NULL,
  `metadata` longtext CHARACTER SET utf8mb4 COLLATE utf8mb4_bin DEFAULT NULL CHECK (json_valid(`metadata`)),
  `created_at` datetime DEFAULT current_timestamp(),
  `updated_at` datetime DEFAULT current_timestamp() ON UPDATE current_timestamp(),
  PRIMARY KEY (`id`),
  KEY `user_id` (`user_id`),
  KEY `media_type_id` (`media_type_id`),
  CONSTRAINT `media_ibfk_1` FOREIGN KEY (`user_id`) REFERENCES `users` (`id`) ON DELETE CASCADE ON UPDATE CASCADE,
  CONSTRAINT `media_ibfk_2` FOREIGN KEY (`media_type_id`) REFERENCES `media_types` (`id`) ON DELETE SET NULL ON UPDATE CASCADE
) ENGINE=InnoDB AUTO_INCREMENT=101 DEFAULT CHARSET=utf8mb4 COLLATE=utf8mb4_unicode_ci;
/*!40101 SET character_set_client = @saved_cs_client */;

--
-- Dumping data for table `media`
--

LOCK TABLES `media` WRITE;
/*!40000 ALTER TABLE `media` DISABLE KEYS */;
INSERT INTO `media` VALUES (1,1,1,'Voluptatibus consequatur ipsa dicta nihil atque fugiat. Et nemo eaque voluptates vitae aliquam iure. Debitis voluptas debitis quasi commodi totam quia quia. Nam consectetur accusantium nisi ea sunt accusamus fuga.','facere',94330410,NULL,'2001-05-04 17:19:24','1986-11-09 15:45:15'),(2,2,2,'Et assumenda et omnis beatae esse inventore. Enim a quos enim fugit ad. Et voluptate quia dignissimos magni rerum ipsum nisi. Eum cumque assumenda rerum ipsam debitis quaerat.','sed',0,NULL,'1998-01-20 18:23:43','2007-10-28 11:03:24'),(3,3,3,'Recusandae quo suscipit repellendus autem. Et est sit quis recusandae doloribus. Aperiam recusandae et enim voluptatum. Unde sit qui in enim.','inventore',102,NULL,'2001-08-20 15:17:53','1975-03-24 11:33:32'),(4,4,4,'Ut mollitia beatae dignissimos quas dicta quasi. Voluptas fugit id odio vel. Quidem recusandae eius nostrum incidunt. Qui sed voluptatum eveniet eum est.','aperiam',81,NULL,'2011-01-31 10:38:18','2001-01-30 17:19:58'),(5,5,5,'Nostrum perferendis quis modi optio ut. Doloremque et nostrum velit temporibus alias. Voluptatem amet atque dicta similique. Quisquam tempora aut ut a ut sit velit.','excepturi',1,NULL,'2003-12-15 15:44:34','1971-12-24 04:27:57'),(6,6,6,'Nobis amet vel cum eos cupiditate sed accusamus. Autem quos placeat necessitatibus enim et placeat rerum. Illo fugit iste dolorem ea officiis.','tenetur',5,NULL,'2021-06-26 20:30:31','1997-03-18 05:17:58'),(7,7,7,'Debitis cumque ut nesciunt nesciunt porro quasi ut. Assumenda inventore magni architecto aperiam et consectetur. Quidem incidunt rerum itaque molestiae repudiandae ab libero et.','pariatur',376953,NULL,'1985-03-14 15:51:24','2011-07-14 13:19:13'),(8,8,8,'Iste soluta nostrum optio eaque. Error sed occaecati illum quidem. Reprehenderit ex et cupiditate qui quis vitae alias.','dolor',5,NULL,'1994-05-20 15:46:42','1993-08-07 07:18:01'),(9,9,9,'Molestiae amet dolorum doloribus quo eveniet eveniet ut. Animi commodi aut et. A quo enim magnam hic nobis ad doloribus dicta. Omnis aut consequatur et vero qui.','eos',53245,NULL,'1989-06-04 13:59:31','1990-07-20 14:11:42'),(10,10,10,'Magnam consequatur eligendi distinctio possimus. In aliquam qui ipsam earum corporis in maiores. Ut qui fugit perspiciatis veritatis consequatur. Ea dolores eaque est est velit ipsum est. Autem rerum non quia deserunt magnam.','esse',4,NULL,'2005-11-07 10:26:49','1975-12-17 21:07:25'),(11,11,11,'Consectetur facilis dignissimos exercitationem non dolor vitae nesciunt. Qui aperiam rerum vel fuga earum odit dolores. Quia eum vitae quod maxime aut. Vitae aut aliquam quisquam reprehenderit.','ea',320470,NULL,'2022-05-01 03:59:54','1972-06-18 08:51:34'),(12,12,12,'Facilis qui occaecati itaque enim a totam. Alias omnis voluptatem quo voluptatem est.','non',33722356,NULL,'2019-12-13 23:07:32','1986-06-09 05:05:56'),(13,13,13,'Quidem et consequatur unde dolore. Explicabo eveniet et unde maxime sit omnis sunt. Provident blanditiis asperiores iure culpa sit vel sit. Dolorem eum animi consequatur hic architecto voluptatem error.','nisi',4583012,NULL,'1999-04-08 01:49:23','1975-12-05 07:45:54'),(14,14,14,'Doloribus labore aut similique suscipit. Quasi nisi incidunt in molestiae et aliquid consequuntur. Qui nemo error sit aut omnis. Consectetur et laborum maiores doloremque.','inventore',35520739,NULL,'1983-07-05 09:22:07','2022-07-18 19:32:41'),(15,15,15,'Accusamus aut minima odit est enim molestiae quia. Eveniet fugit ut qui sunt reprehenderit saepe autem dolores.','libero',1361,NULL,'2019-08-31 20:46:36','1996-12-15 03:36:47'),(16,16,16,'Optio error dolorem ab ipsum. Atque quod temporibus et qui ut qui praesentium. Natus quam unde voluptas corporis animi aut qui. Magnam quo aut eos hic.','ipsam',309382,NULL,'2003-06-21 03:47:59','1979-10-22 17:33:55'),(17,17,17,'Porro maiores enim voluptas ipsum est iusto facilis. Sint iusto consequatur recusandae aperiam. Expedita sed dolores quasi ad non. Aperiam doloremque sequi qui fugiat eveniet rerum assumenda.','sint',620874,NULL,'1989-09-10 02:19:00','1981-06-15 22:22:45'),(18,18,18,'Quod rem tenetur consectetur est magni magnam dolore reiciendis. Quia occaecati et vel necessitatibus ex. Fugit sequi incidunt qui inventore.','nam',74686,NULL,'1988-02-03 11:24:43','2015-06-17 22:26:17'),(19,19,19,'Sunt voluptatem est quo et dolorem eius et. Provident excepturi voluptas rerum.','sint',50,NULL,'2014-12-05 07:03:50','1978-05-29 05:03:20'),(20,20,20,'Voluptatem cum quo eveniet magnam. Ab sint perferendis adipisci minus numquam. Pariatur odit vitae perferendis voluptatem. Animi hic aut et dolore saepe a.','est',504,NULL,'1976-05-15 10:02:47','2001-12-21 12:47:58'),(21,21,21,'Reiciendis quisquam neque saepe sequi cupiditate consectetur. Aperiam non consequatur ducimus.','ab',0,NULL,'1992-05-19 01:16:43','1974-07-09 17:04:48'),(22,22,22,'Sed omnis voluptates minima ut optio earum. Voluptas in rerum ipsum et quasi enim est modi. Voluptas sunt non animi qui quisquam animi.','quia',69,NULL,'2010-03-19 03:37:11','1989-01-02 10:43:18'),(23,23,23,'Quia quibusdam quibusdam ut quae exercitationem. Ea voluptates consequatur doloribus quia eius error aut. Qui perferendis explicabo aspernatur est consequatur reprehenderit optio iste. Omnis in explicabo repudiandae.','illo',4488211,NULL,'1996-09-10 15:07:02','1974-11-28 02:27:41'),(24,24,24,'Sit delectus id placeat harum inventore occaecati nostrum. Aut fuga velit labore inventore voluptatem. Tempore sit voluptas placeat quae. Qui nihil est architecto minus.','sint',3975,NULL,'1995-10-18 04:29:37','2016-01-03 11:14:26'),(25,25,25,'Eligendi a quia sit est perferendis libero quo dolor. Aliquam sint non magnam eos aliquid in. Vitae necessitatibus ea est. Aut et ducimus dignissimos et dolorem minima.','nobis',968416515,NULL,'2001-02-25 16:46:29','1992-02-24 00:25:34'),(26,26,26,'Voluptatem voluptatem in dignissimos et. Dolorum aut laboriosam perferendis odio fugit. Nostrum rerum tempora possimus explicabo voluptas quis. Et atque soluta autem ullam quas ad est quod.','quod',63853716,NULL,'2016-10-23 10:47:33','1972-08-08 18:35:48'),(27,27,27,'Est quia corporis optio et ullam nesciunt. Ab explicabo officia ut voluptatem ullam.','laborum',1720084,NULL,'2001-02-21 17:25:14','1996-07-14 01:45:01'),(28,28,28,'Exercitationem expedita voluptate necessitatibus consequatur. Aut dolores non veritatis officia beatae est. Natus a et aspernatur excepturi dignissimos quaerat praesentium aut. Tempore id hic ipsa distinctio voluptatem.','laudantium',767861272,NULL,'2016-07-16 23:37:30','1982-12-02 13:56:17'),(29,29,29,'Amet et aut veniam odit placeat repellendus nemo. Nostrum impedit sunt dolore. Quia aut harum accusamus recusandae quisquam ut magnam.','quibusdam',83627457,NULL,'2013-10-11 08:19:07','2022-01-02 18:22:59'),(30,30,30,'Sit enim dignissimos aliquam dolore debitis aut. Velit ipsa beatae quia excepturi illo nam voluptate labore. Ut assumenda eum laboriosam ut beatae tenetur.','itaque',1,NULL,'1973-11-07 11:04:42','1975-07-03 13:51:00'),(31,31,31,'Rerum nulla maxime veniam totam consequatur minus quod. Dolorum dicta ipsum iste maxime quasi. Quod illum quos voluptatum architecto at. Magni placeat quisquam necessitatibus quia dignissimos libero.','omnis',269399806,NULL,'1983-07-17 21:39:58','2004-07-12 19:10:20'),(32,32,32,'Voluptatibus voluptas recusandae deserunt. Ut libero deserunt laboriosam doloribus. Quaerat esse sit blanditiis recusandae tempora ut unde sint. Repellendus deleniti molestias impedit eius aut et.','magnam',48258,NULL,'2021-03-11 09:29:45','1993-03-29 14:15:32'),(33,33,33,'Ut assumenda magnam ex eligendi aliquid et. Qui doloribus voluptatum sint iste et facere quis eaque. Adipisci repellendus iure necessitatibus. Id dolorem maiores enim tenetur id eos nemo.','et',8400,NULL,'1995-08-10 00:15:47','1983-06-04 15:25:42'),(34,34,34,'Et tempore eos libero eveniet rerum. Pariatur saepe dolorem veritatis a aut eum praesentium. Nulla unde amet beatae consequuntur ipsam quia. Quasi exercitationem quis placeat eveniet expedita vel.','aliquam',5020,NULL,'1972-10-11 21:40:14','2012-03-05 05:36:53'),(35,35,35,'Eaque aspernatur consequatur omnis assumenda quia numquam. Animi doloribus enim suscipit beatae est vitae voluptas. Explicabo occaecati inventore et et doloremque non.','sunt',954713,NULL,'2005-01-12 21:01:28','1989-06-15 09:00:41'),(36,36,36,'Culpa in sed consequatur distinctio neque. Nobis fugit suscipit et reiciendis. Dolores architecto eum dolorum id molestiae nesciunt eos.','quasi',72524977,NULL,'1984-06-27 22:46:30','1978-02-06 22:23:14'),(37,37,37,'Enim officia itaque fugiat omnis magnam similique quod. Quia a praesentium vero eius quos quo ut. Libero aspernatur enim accusantium qui optio in. Iste ut perferendis ullam voluptates. Quam est corrupti sunt nisi sapiente.','ducimus',56072877,NULL,'2001-07-03 12:44:49','2003-03-24 21:58:41'),(38,38,38,'Dolores sit vel voluptatem dolorem provident accusantium. Perferendis voluptatem saepe ea est eum aut similique in.','quod',970490,NULL,'2021-06-28 20:08:07','2021-03-11 05:17:59'),(39,39,39,'Dolorum ea quia veritatis incidunt eveniet. Necessitatibus sit nemo non aspernatur magnam sed. Aut assumenda rerum nobis.','voluptatem',84,NULL,'2000-02-13 09:22:23','1998-11-30 18:24:31'),(40,40,40,'Et eum non ipsum esse laudantium et rerum. Ut delectus dicta cupiditate debitis. Vero est et sint nulla. Molestiae adipisci occaecati rerum doloribus reiciendis veniam.','atque',1782,NULL,'2006-04-01 19:41:25','1986-08-20 18:35:45'),(41,41,41,'Tempora eos quis delectus tempora autem. Natus dolore amet quis et odit quasi ex. Ratione reiciendis laudantium voluptatem quas adipisci quasi. Est pariatur tenetur porro sed est rem dolores tempora.','aut',23980925,NULL,'1970-08-27 10:18:23','2022-07-27 15:07:32'),(42,42,42,'Totam praesentium id hic natus voluptas enim est. Velit qui dolores corrupti eum quibusdam id. Nesciunt magnam dolor ut est animi architecto quaerat.','omnis',4,NULL,'1984-08-25 02:28:11','1995-04-29 05:32:28'),(43,43,43,'Voluptates placeat porro animi eum et magni architecto. Ut hic quia necessitatibus consectetur eos quas tempora. Qui voluptas dolorum optio modi. Sed ratione cum incidunt perferendis sed.','corrupti',83906530,NULL,'2010-11-17 11:03:56','2003-03-23 06:00:20'),(44,44,44,'Facere nam nam ipsum. Dolore labore laborum non sit architecto perspiciatis eos. Vitae ducimus quibusdam numquam et voluptates. Et laudantium sunt est vel optio iure voluptatem.','aspernatur',0,NULL,'2007-11-24 15:14:40','2008-06-29 02:14:32'),(45,45,45,'Nesciunt nulla fuga maxime impedit. Est sint neque adipisci at ut ut consequatur. Nobis sit sed facilis non. Ducimus et provident qui aut magni in.','quibusdam',426100,NULL,'2017-09-29 04:29:15','1971-10-31 23:02:01'),(46,46,46,'Nihil sed molestias voluptate dolorem in placeat cumque. Maiores dolorem dolor occaecati ullam. Quia itaque quisquam et beatae numquam id.','est',0,NULL,'2015-08-06 22:04:21','2000-07-24 13:01:56'),(47,47,47,'Laudantium non eaque sed quam ut id incidunt. Recusandae sed labore explicabo neque praesentium. Ullam sunt explicabo repellendus laborum recusandae deleniti qui accusantium. Occaecati aut eaque est.','error',33,NULL,'1999-10-12 02:45:48','2000-04-04 17:28:53'),(48,48,48,'Ipsum consequatur maiores eos aspernatur ea atque adipisci in. Voluptas adipisci facilis ut. Rerum earum dolor tempora amet sunt iste.','sunt',77,NULL,'1985-10-29 14:24:24','2003-02-14 14:12:16'),(49,49,49,'Ut placeat commodi nihil voluptas voluptatum alias. Hic est voluptatum aut. Eligendi necessitatibus repellat ut voluptatem et dolore.','neque',715979211,NULL,'1984-07-12 14:05:04','2017-03-29 04:17:56'),(50,50,50,'Vel ducimus ut ut eveniet rem et error. Repellat voluptatum quia excepturi enim praesentium. Tenetur odio ex autem non distinctio. Excepturi libero nihil alias corporis.','omnis',387207,NULL,'1983-08-11 13:15:28','1990-07-17 05:30:26'),(51,51,51,'Velit possimus omnis labore qui voluptatum et. Voluptatem asperiores consequatur quam modi et adipisci est. Modi est exercitationem quo dolores ducimus dolorum recusandae. Sit dolorem pariatur et qui veniam.','odit',9,NULL,'2002-05-20 10:37:56','2004-02-10 20:14:51'),(52,52,52,'Ullam quibusdam sint voluptatem odit consequatur quisquam nihil. Debitis dolor qui quia consectetur rem. Voluptatum voluptas ipsam cupiditate voluptatem iure.','omnis',2581,NULL,'1982-07-01 01:40:11','2021-10-21 00:39:04'),(53,53,53,'Est illum quo nihil omnis ex. Voluptatem deserunt ut quo repellendus nulla. Ullam iste necessitatibus harum. Aut consectetur numquam natus quod.','qui',4,NULL,'1981-11-04 17:07:10','1973-10-17 20:38:12'),(54,54,54,'Ipsa est deleniti eligendi ab est quod. Distinctio animi perferendis facilis in cupiditate aut voluptates. Magnam voluptatem est magnam hic voluptatem optio. Aut numquam assumenda ullam dolores quibusdam beatae.','dolor',856697266,NULL,'2001-09-14 09:21:27','2011-08-23 06:29:44'),(55,55,55,'Ratione est culpa maiores minus illum corrupti. Et autem architecto eos deleniti eius deserunt. Cumque earum amet non vitae voluptatem.','consequatur',236221797,NULL,'2022-08-24 10:06:46','1999-11-12 16:03:45'),(56,56,56,'Illum eum voluptatem temporibus ratione expedita. Ea itaque veniam incidunt rem omnis porro ut. Sit corporis soluta sit necessitatibus laborum aut. Atque qui quis dolorem tempore.','sint',9889,NULL,'1978-09-10 20:12:37','2015-10-28 15:31:12'),(57,57,57,'Soluta beatae voluptas ullam dolores architecto et nostrum. Dolorem atque quo magni debitis facere consequatur. Sit eius explicabo est.','et',206944,NULL,'1985-01-06 02:19:18','2009-01-16 02:27:36'),(58,58,58,'Esse soluta est ut dolor id laboriosam pariatur. Voluptatem laboriosam accusantium est qui. Maiores ipsa est quo facere. Sed aut commodi voluptas ex sed consequatur.','et',3666286,NULL,'1979-10-27 11:50:08','2019-01-16 06:12:26'),(59,59,59,'Molestias quaerat vel explicabo deleniti sequi. Ut voluptatem sed quia unde est quam. Non maxime facilis omnis minus suscipit earum distinctio.','illo',6,NULL,'2015-10-01 06:24:20','1992-03-31 23:10:05'),(60,60,60,'A omnis magnam eveniet aut quidem quam est. Quia tempora sequi est et error quos officia ducimus. Illo non soluta omnis sit.','necessitatibus',0,NULL,'1994-01-12 02:39:36','2013-08-12 05:56:50'),(61,61,61,'Architecto sit officiis et velit facere. Excepturi voluptas sit aut velit mollitia beatae. Deserunt quam asperiores minima voluptas porro nihil. Quod quod harum nulla impedit aut tenetur. Placeat labore iusto a error praesentium.','a',0,NULL,'2015-01-17 07:28:32','1978-05-29 01:25:24'),(62,62,62,'In optio libero natus debitis hic harum aut. Accusamus ex qui sed fugit. Velit nam placeat et quidem nisi error nostrum.','et',90,NULL,'1990-05-11 22:58:27','1994-05-17 22:47:13'),(63,63,63,'Cumque earum et voluptatem qui. Placeat commodi rerum dolorum totam nesciunt. Mollitia porro tenetur expedita odit omnis alias omnis.','voluptatem',3,NULL,'1979-08-19 13:27:13','1987-06-09 09:10:19'),(64,64,64,'Qui sed distinctio dolorem est at eveniet. Architecto ad quia sequi esse consectetur expedita.','ut',76343,NULL,'1988-12-11 05:40:20','1970-05-21 17:32:06'),(65,65,65,'Accusamus cum quidem quam quaerat consectetur odio aut et. Dolorum quidem consequatur quia quo iusto. Non sint ipsam autem quo voluptas cumque porro. Dolores minima accusantium iusto quas placeat et et eveniet.','omnis',88,NULL,'1989-09-03 11:45:37','2018-10-26 16:06:24'),(66,66,66,'Provident dicta culpa molestiae. Voluptatem ipsam doloribus dicta est. Dolorem modi ullam voluptatem quia beatae.','tempora',34444040,NULL,'1984-10-28 08:22:40','1973-09-30 05:12:02'),(67,67,67,'Odit unde magni consequatur cum quia enim aut. Ea voluptatem et autem minima voluptate. Enim sed ut cumque ratione perferendis ipsum harum temporibus. Totam pariatur vel qui laudantium magni dolor autem.','enim',913480,NULL,'1996-12-17 00:27:20','1996-03-15 20:25:07'),(68,68,68,'Esse odio quam ut ullam provident. Consequatur magnam iure et harum. Cum dolorum rem enim sit error.','dolor',9,NULL,'2002-06-12 14:36:05','1977-04-28 05:40:09'),(69,69,69,'At ea nostrum ex officiis. Voluptas dolores qui possimus beatae. Iste minus voluptas ea voluptatibus voluptas est.','ab',5,NULL,'2012-04-30 16:03:08','1989-02-23 11:42:12'),(70,70,70,'Velit deserunt ea numquam sit ratione non. Omnis aut sequi adipisci veniam. Commodi sequi aut itaque odit eaque.','suscipit',69,NULL,'1977-09-07 07:34:32','2002-08-26 00:29:57'),(71,71,71,'Sapiente quisquam est molestiae dolorem et inventore. Autem aliquam voluptas sunt recusandae. Voluptas qui et dolores est itaque temporibus. Eius perferendis error itaque in corrupti.','aspernatur',60,NULL,'2019-07-11 08:07:45','1992-05-21 14:54:50'),(72,72,72,'Architecto tempora hic accusamus et quod qui. Consequatur ratione corporis temporibus nam cupiditate unde rerum. Amet qui numquam iure voluptas. Consequatur sit iure ab beatae.','totam',91106163,NULL,'1987-08-15 18:04:04','1986-07-20 17:37:02'),(73,73,73,'Et et nemo voluptas ex nulla enim qui. Necessitatibus eos voluptatem sint. Sapiente saepe aut consectetur aut.','minima',55,NULL,'2015-06-17 00:14:58','1971-12-02 14:02:10'),(74,74,74,'Sed voluptatem enim eos quas delectus modi. Sit at repellat delectus et incidunt. Eveniet consequatur sint animi at. Ipsam inventore quas officia. Rerum nulla provident facilis et est magni.','et',458,NULL,'2016-12-23 08:58:14','2002-10-22 23:31:28'),(75,75,75,'Doloribus in mollitia et voluptatem. Tenetur officiis sapiente recusandae saepe ipsum rem.','debitis',189,NULL,'2018-07-06 12:48:20','2000-11-08 14:24:55'),(76,76,76,'Quam iure laudantium et laborum laboriosam. Ex et quasi aut. Id ex fugit ad laudantium. Voluptatum eum in et odit repellat quidem dolor.','voluptate',0,NULL,'1975-12-05 05:55:27','1976-06-08 19:42:37'),(77,77,77,'Est unde earum quod quis repellat nemo. Iste eos qui magnam consectetur aliquam deleniti. Et architecto est ipsam expedita qui facilis.','et',537,NULL,'2021-03-16 21:28:05','1998-08-21 13:52:35'),(78,78,78,'Aut dicta non error quis similique mollitia. Omnis ut debitis ea error ut nihil repudiandae. Error itaque accusantium fugiat dolor porro et.','rerum',58,NULL,'1974-02-03 06:50:09','2004-03-27 21:01:30'),(79,79,79,'Corporis dolor quisquam similique aliquid sunt recusandae ipsam magni. Illum dolor omnis delectus est. Id omnis nulla est dolorem enim ut dolor. Qui voluptatem nobis et.','reiciendis',82407,NULL,'1974-12-10 17:21:12','1996-07-27 11:01:28'),(80,80,80,'Doloribus est fuga quia nemo quia. Fugit nisi velit explicabo molestias est soluta. Autem dolore non facilis aut quod odit voluptate.','eius',95,NULL,'1995-06-09 23:13:46','1989-12-01 02:38:10'),(81,81,81,'Rerum praesentium quia et non in. Vel consequatur beatae eligendi. Maxime nihil delectus excepturi qui. Vel et dolor qui et.','est',7982,NULL,'2022-11-11 05:10:32','1972-10-08 04:32:13'),(82,82,82,'Omnis deserunt explicabo sit commodi earum reprehenderit. Ut a modi nam doloremque. Explicabo dolorem quia officiis incidunt non hic voluptatem.','et',0,NULL,'2019-03-25 13:56:51','1992-04-27 05:59:08'),(83,83,83,'Quos voluptas quis et ut dolorem. Quaerat sapiente eaque doloribus et. Iste consectetur occaecati ipsa et error. Cum qui et ullam ab ea itaque inventore.','architecto',2295,NULL,'2019-09-23 00:37:16','1976-10-19 00:18:32'),(84,84,84,'Voluptatum eligendi tempora vel dignissimos. Ea amet magni cumque quaerat accusantium eos.','velit',87,NULL,'2010-08-11 09:02:16','1970-06-18 13:05:57'),(85,85,85,'Soluta enim commodi labore consequuntur. Dolorem facilis ad saepe quo porro dolores. Asperiores error iste qui qui ipsa deserunt. Tempore aut aut soluta dicta sapiente consequatur.','excepturi',36336702,NULL,'1986-06-29 01:34:22','1971-06-30 21:30:44'),(86,86,86,'Hic ea est harum voluptatibus eius repudiandae eum. Deserunt odit est aliquam eligendi nihil blanditiis deleniti voluptatem. Unde aut aut recusandae sint. Culpa maxime similique et. Doloribus et et officiis quia quos.','ipsum',88,NULL,'1980-03-14 06:29:38','2012-03-24 21:45:40'),(87,87,87,'Omnis assumenda pariatur consequatur tempora dolorem ducimus. Corrupti laudantium dolores suscipit error accusamus illum. Natus dolores optio velit doloribus. Dolorem est deleniti aut saepe culpa temporibus. Ea facilis natus ducimus et.','sit',0,NULL,'2012-04-16 07:07:57','2015-06-27 03:58:00'),(88,88,88,'Qui et quaerat incidunt ut nulla. Qui debitis veniam qui consequatur.','exercitationem',182,NULL,'2016-03-08 20:06:48','2020-05-13 06:26:45'),(89,89,89,'Sit sunt est incidunt praesentium. Sequi id ut neque voluptatem aspernatur et totam.','vero',202924,NULL,'2000-09-22 09:14:02','2021-02-16 09:47:27'),(90,90,90,'Consequatur fugit quos ut. Rem explicabo qui quam atque voluptate dolorem voluptatem. Saepe voluptatibus et velit architecto tenetur quibusdam odit fugiat. Dolorum delectus omnis quisquam.','reprehenderit',546,NULL,'2010-06-01 01:10:12','1983-08-24 05:08:06'),(91,91,91,'Sequi possimus quia sit voluptas adipisci. Dignissimos consequatur repellendus dolores placeat aspernatur illo sunt et. Nemo quaerat sunt et.','ut',82058,NULL,'1992-05-01 01:00:08','1976-04-19 15:42:42'),(92,92,92,'Dolores eveniet cumque est. Voluptatum architecto iusto maiores fugiat aliquam. Alias molestiae doloribus eos labore quo nemo. Aliquid laborum possimus maxime voluptatum vel velit.','sunt',743629942,NULL,'1988-11-03 15:14:17','1975-08-29 01:31:42'),(93,93,93,'Placeat quas quae ea tenetur voluptate neque. Voluptatem non eveniet dicta laboriosam eos aut. Dolore aliquid dicta ut eum dolorum sint aut facere.','quibusdam',6463,NULL,'2000-01-17 19:56:07','2014-05-08 02:27:52'),(94,94,94,'Aliquid libero voluptas aut repellat voluptatibus quia qui. Expedita dolor ut corporis.','sed',6321331,NULL,'1970-02-18 16:11:14','1987-11-16 05:37:11'),(95,95,95,'Nam tempora et voluptatem voluptatem. Et dolore sed qui. Et repudiandae expedita recusandae voluptas sunt id sed debitis. Perferendis enim facilis minima odio harum sunt.','maiores',0,NULL,'2017-07-12 05:13:29','2012-05-11 01:31:26'),(96,96,96,'Quidem earum possimus totam id est asperiores perferendis aut. Sed in doloribus eveniet error provident tenetur. Totam aut alias et alias soluta. Ex quo dolorum aliquam temporibus accusantium at dolor.','dolor',6193765,NULL,'1978-07-28 00:23:35','1993-12-02 21:09:00'),(97,97,97,'Qui commodi nihil vel dolor culpa consequatur velit. Quaerat ex sit in voluptates deleniti asperiores. Blanditiis laborum dicta neque error praesentium.','ut',843,NULL,'2010-12-17 21:33:56','1978-02-12 00:52:06'),(98,98,98,'Recusandae velit doloremque assumenda. Nam rem assumenda molestias qui velit. Non consequatur voluptas nihil molestiae quae.','alias',998597,NULL,'1978-08-27 05:10:54','2001-09-17 21:21:06'),(99,99,99,'Quam unde et veniam excepturi iure maxime. Nemo voluptatem voluptates aperiam quae rerum laborum explicabo. At quo dignissimos labore culpa quo quia corporis iusto.','pariatur',6840967,NULL,'2021-01-15 01:08:45','1974-08-07 07:40:57'),(100,100,100,'Qui sunt officia laborum quo quo quia ut iusto. Iste sed culpa accusamus cupiditate non. Voluptatem commodi ducimus molestias eos rerum sed. Id consequatur ipsa voluptatem adipisci.','maiores',281754,NULL,'2014-09-09 18:15:38','1985-01-14 11:51:40');
/*!40000 ALTER TABLE `media` ENABLE KEYS */;
UNLOCK TABLES;

--
-- Table structure for table `media_types`
--

DROP TABLE IF EXISTS `media_types`;
/*!40101 SET @saved_cs_client     = @@character_set_client */;
/*!40101 SET character_set_client = utf8 */;
CREATE TABLE `media_types` (
  `id` bigint(20) unsigned NOT NULL AUTO_INCREMENT,
  `name` varchar(255) COLLATE utf8mb4_unicode_ci DEFAULT NULL,
  `created_at` datetime DEFAULT current_timestamp(),
  `updated_at` datetime DEFAULT current_timestamp() ON UPDATE current_timestamp(),
  PRIMARY KEY (`id`)
) ENGINE=InnoDB AUTO_INCREMENT=101 DEFAULT CHARSET=utf8mb4 COLLATE=utf8mb4_unicode_ci;
/*!40101 SET character_set_client = @saved_cs_client */;

--
-- Dumping data for table `media_types`
--

LOCK TABLES `media_types` WRITE;
/*!40000 ALTER TABLE `media_types` DISABLE KEYS */;
INSERT INTO `media_types` VALUES (1,'magnam','1986-08-05 16:52:56','2019-05-07 21:23:57'),(2,'at','2015-02-02 16:20:02','2013-12-13 13:40:34'),(3,'voluptatem','1980-11-17 21:27:33','2017-08-31 11:17:03'),(4,'repellat','2007-11-25 09:10:23','2001-12-17 07:28:12'),(5,'doloremque','1973-06-03 04:11:54','1997-12-09 08:35:51'),(6,'voluptatibus','2022-10-27 11:17:43','1982-12-01 02:06:55'),(7,'rem','1992-01-25 06:30:48','2000-09-24 07:09:58'),(8,'magni','2016-01-01 03:33:12','1971-08-02 15:33:48'),(9,'esse','1985-10-29 23:08:49','1972-04-26 10:08:56'),(10,'et','1979-07-17 00:24:33','1974-10-04 20:27:04'),(11,'inventore','2016-06-20 10:58:36','1987-08-06 19:13:47'),(12,'architecto','1972-10-30 13:37:00','2004-12-19 21:42:35'),(13,'rerum','1996-05-03 17:39:44','1984-05-27 18:25:43'),(14,'reiciendis','1974-02-21 03:07:23','1981-08-22 08:36:55'),(15,'id','1988-05-31 22:03:22','2014-02-25 14:53:55'),(16,'excepturi','2008-03-29 14:48:33','2015-09-05 03:53:34'),(17,'qui','1976-07-17 17:01:05','1975-01-29 13:42:50'),(18,'consequatur','2003-01-17 16:48:46','1986-11-01 07:37:56'),(19,'sunt','1997-09-03 19:05:46','2000-10-14 23:38:40'),(20,'facere','2018-07-04 01:49:14','1991-10-14 21:01:17'),(21,'facilis','1971-02-23 09:34:36','1993-03-24 13:10:26'),(22,'molestiae','1994-09-10 00:59:55','2000-05-05 15:48:14'),(23,'aut','1993-02-16 01:59:46','2018-05-16 02:02:48'),(24,'at','1989-08-06 08:17:26','1981-10-14 05:37:55'),(25,'nobis','2002-10-05 11:29:52','2010-04-10 16:35:04'),(26,'eaque','2001-12-01 10:34:29','1970-07-17 05:31:34'),(27,'eum','2006-06-09 14:45:30','2016-03-31 04:25:53'),(28,'nam','2019-07-10 15:01:33','2017-04-22 06:25:56'),(29,'vero','2004-11-14 19:34:31','2009-09-19 06:01:10'),(30,'id','1982-07-10 23:03:07','1987-09-15 04:01:49'),(31,'corporis','2022-07-12 23:32:08','2010-03-31 01:51:08'),(32,'hic','1996-03-20 20:29:05','1978-08-16 16:44:04'),(33,'et','2018-07-25 12:46:01','1976-11-17 10:15:30'),(34,'harum','2007-12-30 20:39:37','1972-12-09 00:03:08'),(35,'magnam','2020-06-03 14:10:49','2015-11-09 02:50:57'),(36,'sed','1995-10-17 09:32:12','1995-06-05 23:19:02'),(37,'aut','2014-03-22 13:09:56','1987-11-05 03:13:28'),(38,'et','1980-12-17 21:59:36','1991-06-02 19:07:50'),(39,'aut','1979-02-22 02:36:25','2006-02-28 00:49:04'),(40,'praesentium','2006-11-30 13:52:08','1998-12-13 08:55:47'),(41,'dignissimos','1991-08-29 14:24:50','2014-07-01 02:46:47'),(42,'quidem','2009-08-04 18:30:43','2007-02-17 22:04:45'),(43,'porro','2003-04-20 05:12:50','1994-11-05 06:27:07'),(44,'incidunt','1981-01-24 18:56:44','1975-02-25 15:52:26'),(45,'id','1992-06-27 07:25:37','1970-03-07 05:19:04'),(46,'omnis','2015-11-12 19:19:39','2007-07-19 14:10:50'),(47,'odit','2004-06-16 11:06:35','2014-05-08 02:19:42'),(48,'hic','2011-03-08 19:30:21','2011-10-04 17:24:36'),(49,'unde','2013-06-30 21:38:04','2002-06-08 16:13:00'),(50,'omnis','2001-06-17 07:24:10','2013-08-25 11:16:44'),(51,'nam','2013-06-09 13:26:47','2001-07-04 01:24:50'),(52,'error','2012-05-16 10:00:41','1988-04-16 20:52:18'),(53,'quo','1979-02-22 10:24:45','1987-01-26 02:02:08'),(54,'quod','1991-09-14 04:18:37','2008-07-08 06:14:28'),(55,'illo','1970-07-29 09:53:20','1984-12-09 17:23:33'),(56,'et','2005-12-28 05:25:14','2008-02-08 21:26:47'),(57,'voluptas','1989-10-03 04:04:46','1989-06-22 04:34:48'),(58,'voluptate','1977-01-09 04:31:43','1978-12-13 23:12:54'),(59,'magnam','1999-03-19 02:10:48','2005-08-15 12:12:50'),(60,'recusandae','2011-04-18 22:02:45','1985-02-15 17:29:37'),(61,'in','2013-12-09 14:52:20','2003-02-21 04:46:22'),(62,'voluptates','2000-12-03 07:22:03','1995-06-02 14:58:03'),(63,'asperiores','2022-12-07 19:19:38','2010-07-19 08:37:11'),(64,'et','1996-07-17 15:45:47','2021-07-19 15:19:18'),(65,'quis','2001-05-09 20:32:56','2011-05-11 05:25:07'),(66,'magnam','1990-01-21 05:26:37','1971-02-05 11:00:07'),(67,'natus','2013-07-05 12:07:51','1976-03-25 04:47:15'),(68,'deleniti','1986-06-11 06:48:13','2019-01-30 17:24:49'),(69,'accusantium','2000-01-03 12:38:21','2002-01-20 22:53:04'),(70,'in','1983-01-16 03:17:43','2020-12-02 11:30:54'),(71,'et','2014-11-21 13:16:33','1979-10-27 09:05:16'),(72,'laudantium','2001-03-07 20:08:53','2018-04-16 23:58:27'),(73,'voluptatum','1976-07-03 00:19:32','1999-01-17 22:30:39'),(74,'consectetur','1979-04-19 07:09:27','1970-04-17 19:20:38'),(75,'quo','1970-11-05 18:12:36','1995-10-13 16:19:53'),(76,'minima','1989-09-12 03:33:14','1995-12-07 12:56:25'),(77,'sed','1989-11-05 00:57:01','2015-05-01 18:13:26'),(78,'sunt','2021-05-15 08:14:47','2002-02-23 13:56:57'),(79,'vel','2015-04-10 02:35:51','1992-08-25 02:24:48'),(80,'autem','2009-04-16 00:27:17','1987-08-02 21:31:56'),(81,'assumenda','2014-07-24 01:17:07','2006-03-29 15:58:12'),(82,'nostrum','1980-10-21 18:28:39','1970-07-04 04:37:22'),(83,'tenetur','2005-06-24 04:00:17','1982-07-15 11:29:20'),(84,'mollitia','1974-01-19 02:38:49','2019-10-18 00:51:31'),(85,'vitae','1980-08-16 20:16:55','1990-03-16 04:47:58'),(86,'possimus','1989-03-11 07:24:48','1982-04-22 12:27:04'),(87,'voluptatem','2009-10-12 06:19:54','2007-12-01 17:38:06'),(88,'vel','1987-12-30 19:51:54','1974-03-18 23:09:38'),(89,'cumque','1979-10-31 13:25:55','2003-06-23 19:11:47'),(90,'est','1988-12-27 08:20:29','2011-07-12 21:40:48'),(91,'fugiat','2022-12-11 00:19:51','2007-03-23 23:31:04'),(92,'ut','2011-12-29 23:47:23','1989-05-23 22:13:18'),(93,'similique','1983-07-01 08:27:23','2016-01-22 04:56:24'),(94,'tenetur','1997-01-08 13:37:41','1983-01-05 08:53:13'),(95,'debitis','1992-01-19 11:13:09','2009-12-14 04:09:42'),(96,'aut','2013-03-26 14:04:44','2015-03-24 21:46:13'),(97,'adipisci','2021-03-31 09:36:18','2003-10-26 16:45:20'),(98,'voluptas','2022-07-22 13:27:26','2010-02-26 04:37:16'),(99,'est','1988-12-23 13:38:26','1997-08-15 18:55:43'),(100,'provident','1985-10-16 14:23:41','1989-10-22 19:57:18');
/*!40000 ALTER TABLE `media_types` ENABLE KEYS */;
UNLOCK TABLES;

--
-- Table structure for table `messages`
--

DROP TABLE IF EXISTS `messages`;
/*!40101 SET @saved_cs_client     = @@character_set_client */;
/*!40101 SET character_set_client = utf8 */;
CREATE TABLE `messages` (
  `id` bigint(20) unsigned NOT NULL AUTO_INCREMENT,
  `from_user_id` bigint(20) unsigned NOT NULL,
  `to_user_id` bigint(20) unsigned NOT NULL,
  `body` text COLLATE utf8mb4_unicode_ci DEFAULT NULL,
  `created_at` datetime DEFAULT current_timestamp(),
  PRIMARY KEY (`id`),
  KEY `from_user_id` (`from_user_id`),
  KEY `to_user_id` (`to_user_id`),
  CONSTRAINT `messages_ibfk_1` FOREIGN KEY (`from_user_id`) REFERENCES `users` (`id`) ON DELETE CASCADE ON UPDATE CASCADE,
  CONSTRAINT `messages_ibfk_2` FOREIGN KEY (`to_user_id`) REFERENCES `users` (`id`) ON DELETE CASCADE ON UPDATE CASCADE
) ENGINE=InnoDB AUTO_INCREMENT=101 DEFAULT CHARSET=utf8mb4 COLLATE=utf8mb4_unicode_ci;
/*!40101 SET character_set_client = @saved_cs_client */;

--
-- Dumping data for table `messages`
--

LOCK TABLES `messages` WRITE;
/*!40000 ALTER TABLE `messages` DISABLE KEYS */;
INSERT INTO `messages` VALUES (1,49,76,'Commodi ea aut eum ab doloribus dolorem. Quia nam maiores odit dicta et quidem aut. Minima vero ut consequatur ut laudantium dolore impedit. Et reprehenderit voluptas non qui.','2007-10-23 06:21:02'),(2,40,5,'Incidunt aut voluptatum laboriosam unde ipsam aut consequatur. Animi modi quo quisquam. Ab qui sed qui aliquam qui velit. Magnam voluptatem laboriosam est odit aperiam.','2015-05-26 10:36:26'),(3,50,22,'Eum culpa sit velit magni. Aut cupiditate tempora atque quia omnis iste. Ullam esse sunt rerum et et dolore iusto. Atque adipisci ipsa et nihil voluptatum aut.','1991-12-15 09:58:35'),(4,82,70,'Dolorem assumenda doloribus eum eligendi numquam. Sit possimus soluta tenetur aperiam ab. Et est libero omnis dolorem. Quia a explicabo qui deleniti provident fuga aut ex.','2017-03-21 09:48:36'),(5,77,19,'Modi et nihil temporibus dolores. Et numquam rerum suscipit quisquam qui. Nihil molestiae facilis vero consectetur delectus a perspiciatis.','1978-11-08 01:54:43'),(6,17,41,'Nam sunt omnis ut nihil recusandae. Modi eius fugiat rem aspernatur eum qui. Et doloribus ut eos repellat.','1974-01-26 01:57:57'),(7,34,84,'Temporibus quaerat quo saepe suscipit sint fuga. Corrupti dolor quo laborum quam laudantium ipsum ut. Saepe ut facilis soluta occaecati voluptate non. Qui laudantium perspiciatis suscipit earum explicabo officia porro.','1982-06-03 11:28:41'),(8,53,34,'Et aperiam qui sapiente suscipit qui. Dolore voluptatem quo consequuntur saepe accusantium. Et aut sed eaque fuga. Aspernatur eum consectetur aut minima aut enim voluptatem.','1985-08-24 10:53:48'),(9,72,1,'Est mollitia quia illum aspernatur quia soluta sit. Odio et iure nam a eum earum molestiae sit. Explicabo neque excepturi a aspernatur porro. Iste cum cum aut voluptates a ut.','2020-01-12 01:58:41'),(10,56,14,'Qui possimus qui quos et id nobis minima. Animi praesentium id labore enim laborum quo voluptates. Recusandae asperiores commodi ipsa placeat est ab eum esse. In optio quis aut numquam reprehenderit accusantium. Maxime debitis corrupti optio.','2003-01-07 11:47:36'),(11,99,12,'Eaque voluptatem qui ipsam. Reiciendis quae sunt dolor voluptatem exercitationem fugit expedita. Deleniti maiores ad natus ut enim temporibus. Consequatur dignissimos ea laboriosam fuga repellendus.','1994-02-13 02:48:18'),(12,95,15,'Dolorem minima soluta similique. Vitae temporibus rerum earum porro. Et et nobis accusamus odio sint.','2017-09-21 09:06:05'),(13,72,90,'Vel fuga possimus nostrum consequatur et. Est et fugiat ut alias. Maiores sint nihil necessitatibus rerum tempore natus quisquam.','1971-07-15 01:19:26'),(14,84,16,'Dignissimos iusto consequatur sunt ut rerum mollitia quo. Est sed ut dolorem amet itaque maxime. Itaque tempora qui reprehenderit eius nulla nihil maiores.','2010-03-17 01:30:20'),(15,96,78,'Mollitia ut voluptas sed animi. Omnis assumenda consequatur doloremque eius consequatur. Aut nesciunt dicta sit sit quibusdam et sed. Autem velit et quae officia id fuga.','2006-01-23 08:24:24'),(16,84,44,'Nostrum suscipit quas similique. Beatae ipsa quaerat a consectetur deserunt exercitationem. Animi labore atque harum illum. Doloribus velit tempore et eos illo modi.','2007-07-21 07:02:48'),(17,54,23,'Tempore quo dolor ipsum quis eveniet. Illo quidem ipsam voluptas ipsa. Unde natus incidunt mollitia rerum.','1977-09-30 09:47:32'),(18,48,3,'Atque aut ea odit. Rerum voluptatibus sit soluta nesciunt. Sunt est qui quas facilis reprehenderit animi perferendis.','2003-01-28 03:25:40'),(19,45,30,'Occaecati corrupti at perferendis voluptas blanditiis hic. Nostrum est vero excepturi sequi. Cum veniam sapiente sed quia. Molestiae id est earum.','1993-07-06 19:34:24'),(20,73,22,'Et quia et dolores necessitatibus. Dolor est officia ab nisi dicta est molestias accusantium. Molestias odio aliquid eligendi temporibus voluptatem enim sint. Adipisci possimus quo qui.','1976-11-15 00:29:27'),(21,49,90,'Eius repellendus sit hic aperiam vero occaecati recusandae molestias. Voluptatibus sed quos distinctio ex nisi sequi. Nihil vel consequatur hic ea aliquid ab. Accusantium tempore voluptatibus adipisci vero similique optio itaque.','2018-11-17 12:55:43'),(22,62,82,'Aspernatur earum exercitationem magni autem quia. Nihil aut ipsam fugit maxime. Quia facilis aut facere animi.','1995-11-25 20:59:28'),(23,74,14,'Alias rerum nesciunt repellat neque enim necessitatibus. In sunt quas doloremque neque placeat vitae qui veritatis.','1993-06-09 04:31:34'),(24,16,45,'Error odio et nam est. A aut et eum consequatur est harum a. Aut deserunt molestiae sequi asperiores reiciendis aliquid laboriosam.','1989-09-03 18:04:12'),(25,15,71,'Minus maiores et doloremque quia. Architecto esse labore eos sunt. Et voluptatem culpa eaque. Voluptatibus aut perferendis beatae autem iusto et.','2002-08-02 09:27:07'),(26,59,13,'Nulla in non sint autem quaerat et. Commodi neque consequatur nihil. Commodi aut id adipisci repellat assumenda. Dolorum dolorem aspernatur quia voluptates itaque.','1982-12-17 03:01:35'),(27,83,53,'Deleniti modi inventore eum similique et et ipsa. Aliquid libero dolor recusandae sint ratione natus reiciendis magnam. Quas illum voluptate quisquam est eos mollitia fugit.','2005-02-23 19:54:58'),(28,28,55,'Suscipit cum aperiam aliquid minima vel blanditiis tempore et. Provident eos tempora debitis autem dignissimos quis ut quidem. Asperiores quae vel est quae magnam molestiae eligendi. Perferendis perspiciatis debitis voluptas adipisci laudantium voluptatem omnis.','1978-12-25 09:49:51'),(29,43,11,'Id inventore qui officia in accusamus eos voluptatem. Doloribus et omnis repudiandae quam dignissimos nihil explicabo. Sit aut ut quas earum doloribus.','1975-02-16 14:59:55'),(30,70,38,'Eum corporis dolor veniam deleniti. Reiciendis aut quia praesentium harum nulla iure laborum. Velit vel quisquam libero quia aperiam.','2000-05-19 20:28:11'),(31,88,53,'Omnis quo facere quibusdam. Officia amet magnam consequatur consequatur nisi nulla iure. Aliquam consectetur deleniti nisi et.','1982-09-17 09:21:55'),(32,81,41,'Est odit voluptatem omnis doloribus accusamus culpa velit rerum. Et omnis voluptatem eveniet exercitationem esse sequi ab. Dicta et neque quaerat eum animi ut. Nihil tempora neque quis harum. Culpa excepturi necessitatibus eum magnam et architecto mollitia.','1977-12-21 09:44:08'),(33,76,29,'Esse pariatur ex earum repellendus. Error velit velit sit amet iste autem nobis. Velit neque ipsam ratione.','1983-05-10 19:36:48'),(34,44,20,'Id minima ea aliquam ducimus. Deserunt libero fuga consequuntur officia. Cum nesciunt adipisci corporis sit. Aliquam optio dolorum voluptates in consequatur.','2021-04-30 17:51:41'),(35,58,16,'Nobis velit officiis corrupti et. Dignissimos est eveniet provident facere occaecati dolor beatae facilis. Doloremque numquam beatae similique qui fuga est fugiat.','1970-06-17 04:22:43'),(36,41,6,'Fugit et molestiae voluptates dolor. Perferendis consequatur architecto et similique officiis eaque. Odio qui quia id doloribus et. Corporis quae asperiores deserunt quasi accusamus aut odio.','2001-08-14 15:25:27'),(37,5,2,'Voluptatem est sequi aliquid aut delectus architecto temporibus nihil. Omnis dolorem non molestiae et dolorem provident molestiae. Est placeat nostrum quia distinctio ut iusto excepturi.','1970-06-21 11:59:19'),(38,88,78,'Dolores odio reiciendis dolores facilis ut eos aliquid consequatur. Exercitationem perspiciatis molestiae sed mollitia. Cum doloremque non amet aut. At voluptatum atque adipisci et.','1987-03-15 00:22:27'),(39,15,3,'Ex tenetur quis doloremque quia fugit. Minus dolore aliquid dolor animi. Dicta doloremque suscipit delectus.','1979-11-12 10:57:33'),(40,23,30,'Illo dolorem aliquam harum soluta. Nesciunt sit aliquam a. Repellat explicabo eum illo mollitia pariatur eveniet sint.','2008-02-19 08:24:29'),(41,74,81,'Autem voluptatem itaque sed. Quibusdam dignissimos necessitatibus est dolor corrupti labore possimus.','1987-03-08 13:04:08'),(42,43,57,'Distinctio delectus libero id nihil. Ex quidem aut animi ducimus praesentium sunt deserunt. Molestiae reprehenderit itaque similique et veniam quibusdam. Omnis sed maiores consequatur aut eaque. Sunt eum ea est.','1976-02-15 09:15:26'),(43,34,70,'Modi in qui ut et. Consectetur a non id in labore quo ipsam. Ipsam dolorum cum incidunt libero.','2003-03-27 16:19:09'),(44,11,76,'Fugiat qui nisi magnam. Maxime incidunt dolor consequatur sapiente. Sed magni vero delectus doloremque.','1981-07-10 00:00:01'),(45,80,80,'Dolores ea enim facere architecto. Sed reprehenderit esse odit voluptas eaque mollitia aspernatur. Omnis sequi inventore corporis aut qui quasi. Quo aperiam consequatur aperiam culpa ut omnis.','1985-06-15 05:27:44'),(46,14,68,'Tenetur neque corrupti natus animi. Suscipit pariatur a nihil ut. Et non nisi eos consequatur aut dolor recusandae. Doloremque sed ullam sed qui corrupti soluta reiciendis.','1996-05-16 09:12:35'),(47,33,94,'Velit dolorem molestiae non sequi. Porro enim perferendis laboriosam exercitationem ea quia. Voluptatem voluptatum vel quis qui esse quisquam blanditiis.','2001-04-10 02:37:09'),(48,9,8,'Sequi nesciunt ipsum rerum dolorum error voluptatem omnis. Eum iure iure velit. Eum ad cum vitae facere est a. Nihil qui quibusdam nobis.','1989-12-08 02:46:03'),(49,23,53,'Eveniet nesciunt et reiciendis consequatur. Magnam dolores et voluptatem nam voluptatem porro ut.','2001-08-17 08:22:06'),(50,27,80,'Est voluptates qui ipsam. Consequatur excepturi vitae optio aut ex. Quo enim debitis deleniti qui minus sint.','1977-04-03 06:38:54'),(51,68,67,'Magni voluptatem sed similique aspernatur dolores cupiditate. Eligendi dolor praesentium eligendi alias. Est vitae et facere aliquam amet eum omnis.','2003-06-25 05:48:14'),(52,85,73,'Labore est necessitatibus non qui iure. Nam maiores minus molestiae suscipit ut ducimus. Quia quaerat est quis quae. In soluta et quos non aspernatur eos officiis atque.','2004-03-16 01:50:29'),(53,69,73,'Necessitatibus velit aspernatur aliquid non quia. Consequuntur non laudantium aliquid quod laudantium doloribus dolor. Ea velit eos et iste fugiat corrupti est.','2006-08-29 19:15:26'),(54,51,84,'Voluptas consequatur iusto possimus nobis. Quisquam hic esse reiciendis quo eius nesciunt. Fugit incidunt et voluptates ratione est eum accusantium fuga. Omnis quia in qui porro ipsum est quasi libero. Unde officia excepturi eum veritatis nulla.','2001-10-01 00:48:38'),(55,75,73,'Consequuntur aut sed et voluptate. Voluptatem accusamus voluptatem sunt soluta aperiam.','1986-06-17 16:22:22'),(56,13,48,'Nihil eos dolorem quo voluptate non et omnis. Aut est recusandae est officia temporibus enim deserunt. Vel ut distinctio eaque aut quos voluptates animi consequatur. Mollitia esse quidem amet est et et consequatur.','2019-03-03 08:01:59'),(57,54,55,'Aspernatur velit porro nihil inventore est. Incidunt aliquid eius temporibus esse. Esse eos illo consequatur. Nemo laudantium aut aut cupiditate fugiat voluptas voluptas.','2016-08-14 22:46:32'),(58,5,88,'Natus quaerat velit tempore illum aspernatur quibusdam doloremque. Omnis et iure officiis. Quisquam asperiores voluptatum non eveniet consectetur cum illo.','1984-02-29 12:27:02'),(59,25,15,'Sunt nam hic libero ratione iste. Aut aut ullam voluptate autem dolor modi eius. Sed vel officiis quas magnam.','2007-06-27 07:35:00'),(60,64,5,'Nihil eveniet consequatur fugit non id. Aut ipsam voluptatibus ipsam recusandae quia.','1992-01-14 05:21:42'),(61,94,77,'Quaerat rerum non repellendus vitae dolorum esse. Libero deserunt officiis porro non quasi amet modi. Nisi aut magnam autem dignissimos cum aut et.','2018-04-19 18:42:48'),(62,72,27,'Deleniti ullam esse nobis dignissimos fuga. Omnis consequatur quae consequatur sapiente harum maiores maxime. Et rerum voluptatibus minus est. Molestias et sequi dignissimos eius magnam qui vero.','1999-11-02 20:21:30'),(63,71,81,'Culpa reiciendis sint cumque earum eos nemo qui. Facere tempora iusto delectus qui sed. Magnam sed tempora hic earum. Sed molestias tempore debitis in hic.','1989-11-24 06:53:18'),(64,34,93,'Est eos distinctio tempora magni quis recusandae quidem. Et ea dolorum neque iure voluptatum exercitationem. Omnis delectus eum quasi non voluptatibus voluptas ea. Assumenda cum at aliquid accusamus quam natus provident dolor.','2000-09-22 21:35:37'),(65,33,61,'Ut consectetur placeat doloribus. Deserunt et id est iure. Eveniet nobis est earum corrupti.','2009-06-12 18:59:30'),(66,72,1,'Et possimus nisi laborum odit. At deserunt officia eum itaque in. Neque dolore doloribus consequatur in nostrum non. Assumenda natus aspernatur quasi corporis.','1972-09-21 21:40:09'),(67,28,57,'Aut nulla placeat ea ratione asperiores alias. Occaecati voluptatem recusandae sit dolores illum. Nihil officiis odio et ullam voluptatum magnam fugit ipsum. Excepturi qui quos ut veritatis.','2003-08-02 18:37:32'),(68,73,96,'Iure quia adipisci ut. Porro aspernatur minima fugiat sapiente quo hic. Fugiat sunt quia asperiores eaque.','2003-06-24 10:23:14'),(69,29,24,'Aut accusantium voluptatem culpa rerum enim ut. Rerum repellat est expedita eius. Et ipsam qui necessitatibus eveniet enim quidem unde.','1976-08-18 03:54:52'),(70,80,3,'Soluta maxime fugit fuga voluptas consequatur eum maiores. Modi omnis est ut itaque sint repellat repellat. Beatae dolore qui aut nisi reiciendis.','2020-01-05 05:35:14'),(71,97,93,'Repudiandae asperiores rerum sit et maiores voluptatem consequatur. Eveniet aut quae ut rerum sint est consectetur. Autem consequatur aliquid ipsa impedit ratione est natus. Qui maxime porro vero numquam.','2010-02-16 18:51:41'),(72,51,50,'Omnis necessitatibus fugit officiis eos. Ab alias nobis laboriosam dolor est possimus eos. Eveniet esse sunt totam neque repellat impedit. Est ex a non sed animi eos.','2001-11-16 12:49:21'),(73,47,55,'Dignissimos dolor dignissimos non neque culpa corporis id. Quo recusandae magni maiores nemo nulla. At consequatur sit itaque et consequatur consequatur. Tempora facere repellendus qui corporis facere. Consequatur ipsam laborum voluptatibus qui in maiores.','1973-06-20 03:16:48'),(74,38,71,'Ut non repellendus occaecati id nihil esse. Vitae rem aut dolor aut et. Nemo non incidunt voluptatem maiores quibusdam inventore et.','1995-02-27 12:41:45'),(75,70,1,'Nostrum magni numquam esse velit quis. Aut et voluptas minus voluptatum voluptatem. Est et adipisci voluptatum dignissimos. Magni odio ut est voluptatem deleniti.','1983-03-01 01:22:17'),(76,76,63,'Id quas neque ipsum omnis. Qui earum dolores est a non velit quasi. Aut quia autem porro earum. Blanditiis aut assumenda non.','2021-09-17 04:34:20'),(77,77,47,'Non eos provident beatae saepe asperiores est velit. Repellat eos consectetur eos voluptas quia numquam quis. Expedita repudiandae velit earum voluptatem quis voluptas qui et. Rem laudantium dolorem ut alias.','1974-07-05 11:07:49'),(78,90,47,'Ducimus ipsum labore quibusdam iusto praesentium. Aliquid voluptas temporibus expedita adipisci voluptatem ex ullam. Ducimus asperiores voluptas laboriosam architecto.','2001-08-23 18:01:31'),(79,28,23,'Ex aut aut expedita qui quia ut nemo. Voluptate quisquam ea eum voluptatem eaque labore ipsa. A nihil minus est officiis quibusdam.','2015-08-26 08:35:21'),(80,39,61,'Nemo laboriosam libero dolores eos sunt ex minima delectus. Numquam voluptas natus quia dolor omnis id voluptas. Adipisci sit cum facilis nulla error ut non. Et est voluptate id magnam expedita laboriosam.','1992-01-25 00:40:00'),(81,83,11,'At est porro aut qui similique iusto. Sed adipisci unde iste quis blanditiis voluptates. Beatae sit quae incidunt. Ut incidunt voluptatem quo veniam et quasi.','1996-07-13 20:13:40'),(82,61,11,'Aut est eius molestias qui et sunt debitis. Illum rerum ea cupiditate nam eveniet pariatur distinctio. Voluptatem et autem et. A tenetur pariatur velit quidem molestias.','1998-10-29 08:39:18'),(83,67,34,'A ex occaecati exercitationem suscipit voluptas sequi officiis accusantium. Repellat aut recusandae sint numquam fuga nemo architecto. Voluptatum est quia ducimus dolor. Repellendus officia eius dolor et.','1992-03-07 09:04:27'),(84,6,95,'Incidunt molestiae facere et error. Vel ut cum nam voluptatem rerum. Sequi ut consectetur repellat dicta porro. Itaque modi et eum qui doloremque repudiandae quisquam.','2004-02-01 22:46:14'),(85,57,86,'Vel voluptas illo placeat quia libero. Provident et numquam omnis sed. Saepe explicabo asperiores quibusdam.','1992-11-05 18:09:52'),(86,98,53,'Harum impedit enim qui harum ut excepturi rerum. Et est non assumenda et dolores atque. Voluptas dignissimos ea sit quos repellendus.','2009-10-21 05:26:55'),(87,78,49,'Quae consequuntur dolore non blanditiis reprehenderit ut amet. Officiis fuga quibusdam nihil sunt voluptas dolore hic. Aut velit eum voluptatem ea laborum.','1981-06-28 15:20:58'),(88,3,25,'Similique laboriosam sint architecto et. Et reiciendis qui iusto quae rerum voluptatibus. Et aut quia inventore in minus assumenda.','1975-04-06 23:35:55'),(89,4,40,'Eaque dolores enim voluptatum ut incidunt aut et. Nobis et rerum similique esse fugit. Et est itaque dicta.','2015-07-31 02:36:10'),(90,96,73,'Et dolor est exercitationem temporibus sunt dolorem. Consequatur esse quod minus nobis voluptas consequatur. Et dolorum quia quas eos at voluptate.','1996-05-09 07:59:25'),(91,40,71,'Debitis quo dolor dicta nesciunt tenetur maxime ut aperiam. Laboriosam sed optio at similique provident quas ipsa. Molestiae non quae hic itaque maiores harum laborum. Id ipsum reiciendis dicta distinctio at aliquam sunt.','2012-12-26 19:19:16'),(92,36,16,'Corporis consectetur nobis blanditiis laboriosam. Quo quasi culpa quo quam aspernatur et. Velit alias maiores molestiae rerum unde. Saepe quis ab aut commodi ab nobis ipsa.','2011-05-28 07:46:27'),(93,18,25,'Unde odit odit dignissimos explicabo. Rerum repellat quo ut amet repudiandae iste. Delectus consequatur natus perspiciatis eveniet sed pariatur beatae. Nihil eaque quo veniam quo ad autem vitae. Modi quidem vel porro eius aut in.','1987-05-10 09:09:48'),(94,63,45,'Suscipit odit adipisci sunt facilis ea. Ut nihil ducimus sit eum eius sit. Aspernatur voluptas vel omnis eaque et. Blanditiis aliquid vitae rerum id tempore.','2012-10-30 16:39:30'),(95,48,1,'Aut pariatur qui odit totam excepturi sint. Nostrum quae asperiores in aut eligendi. Soluta est et voluptate debitis sequi similique non.','1972-03-05 03:41:26'),(96,5,30,'Praesentium dolorem amet voluptates. Modi doloribus aliquid culpa corrupti. Tempora totam atque molestiae adipisci et.','2020-02-16 17:42:25'),(97,12,66,'Qui aut sequi perspiciatis fugit quo aperiam. Sed enim modi voluptatem qui. Similique sed et itaque consectetur doloremque asperiores earum.','1977-01-13 06:25:14'),(98,41,78,'Nisi vel molestiae facere beatae. Necessitatibus et voluptas ea fuga commodi laudantium. Consequatur recusandae dolore dicta sint eius possimus et ipsam.','1989-02-08 17:45:09'),(99,99,47,'Quo ea culpa quidem soluta est molestiae sequi. Fuga autem exercitationem neque quod delectus autem ex. Omnis ad dolorum ut nam quia consequatur natus.','2007-06-02 23:09:53'),(100,73,55,'Qui consequuntur rerum voluptatem impedit nemo et. Dolores nihil ut et distinctio quo itaque aperiam. Consectetur doloribus aut qui sapiente ea qui.','1995-12-18 01:57:28');
/*!40000 ALTER TABLE `messages` ENABLE KEYS */;
UNLOCK TABLES;

--
-- Table structure for table `music`
--

DROP TABLE IF EXISTS `music`;
/*!40101 SET @saved_cs_client     = @@character_set_client */;
/*!40101 SET character_set_client = utf8 */;
CREATE TABLE `music` (
  `id` bigint(20) unsigned NOT NULL AUTO_INCREMENT,
  `name` varchar(100) COLLATE utf8mb4_unicode_ci DEFAULT NULL,
  `artist` varchar(100) COLLATE utf8mb4_unicode_ci DEFAULT NULL,
  `user_id` bigint(20) unsigned NOT NULL,
  `size` int(11) DEFAULT NULL,
  `created_at` datetime DEFAULT current_timestamp(),
  `updated_at` datetime DEFAULT current_timestamp() ON UPDATE current_timestamp(),
  PRIMARY KEY (`id`),
  KEY `user_id` (`user_id`),
  CONSTRAINT `music_ibfk_1` FOREIGN KEY (`user_id`) REFERENCES `users` (`id`) ON DELETE CASCADE ON UPDATE CASCADE
) ENGINE=InnoDB AUTO_INCREMENT=101 DEFAULT CHARSET=utf8mb4 COLLATE=utf8mb4_unicode_ci;
/*!40101 SET character_set_client = @saved_cs_client */;

--
-- Dumping data for table `music`
--

LOCK TABLES `music` WRITE;
/*!40000 ALTER TABLE `music` DISABLE KEYS */;
INSERT INTO `music` VALUES (1,'iure','dicta',58,926427789,'2015-09-03 02:26:31','2005-06-20 05:37:42'),(2,'deserunt','beatae',95,0,'1989-08-20 00:53:33','2004-12-09 21:05:12'),(3,'esse','ut',77,9116640,'1998-11-08 23:33:56','1974-12-24 11:17:47'),(4,'voluptates','et',61,87,'2002-02-28 20:21:42','2006-05-29 03:47:47'),(5,'officia','labore',42,63,'2009-05-16 02:19:06','2018-08-19 20:48:12'),(6,'porro','quod',66,7211308,'2018-02-08 12:59:34','2018-07-29 17:44:39'),(7,'explicabo','nam',76,31,'1973-01-12 00:31:43','2022-04-19 13:59:02'),(8,'rem','temporibus',7,36707,'2003-07-14 18:50:40','1976-10-22 17:11:59'),(9,'perspiciatis','veritatis',16,0,'1970-06-27 07:53:21','2010-03-26 13:16:33'),(10,'cumque','animi',30,738778,'1988-07-24 09:38:48','2013-03-24 07:02:56'),(11,'aspernatur','rerum',100,485156231,'2018-12-13 09:42:44','1972-09-05 14:01:05'),(12,'est','est',43,78,'2003-05-01 11:39:45','2000-10-06 18:42:08'),(13,'est','quia',32,811883331,'1982-02-04 17:35:34','1993-05-11 08:00:01'),(14,'sint','tempora',38,816468807,'1993-12-28 18:04:53','1987-11-16 22:44:55'),(15,'et','dolores',39,1,'1982-04-13 21:30:36','1973-05-08 12:28:59'),(16,'dolores','reiciendis',48,4816,'2021-01-04 09:24:11','1979-08-06 15:07:42'),(17,'aut','eum',12,719,'1981-01-12 22:44:21','1977-08-13 10:43:50'),(18,'aut','aut',32,0,'1974-11-04 12:12:28','2005-04-14 10:07:38'),(19,'dolorem','nobis',8,910149,'1976-10-03 19:44:08','1976-05-14 20:09:24'),(20,'autem','at',28,7026,'1974-11-04 05:20:17','2001-12-12 16:40:10'),(21,'aut','eos',98,2496919,'2021-10-31 02:23:41','2022-11-21 09:42:15'),(22,'nemo','quas',72,955,'2022-08-12 19:43:33','2003-08-28 23:12:19'),(23,'voluptas','perspiciatis',29,12447785,'2005-12-18 14:20:43','2008-06-30 13:06:46'),(24,'quia','maiores',50,693,'2015-12-06 22:38:03','1999-07-12 13:41:09'),(25,'hic','dolores',87,17180,'1997-05-21 14:13:43','2002-04-12 20:14:35'),(26,'voluptatem','sint',91,6,'1989-09-13 09:12:49','2018-07-26 06:27:52'),(27,'provident','adipisci',65,587445693,'2021-04-19 15:15:36','1971-06-23 10:44:57'),(28,'est','impedit',28,2949701,'1988-07-13 19:16:13','1986-09-15 06:50:21'),(29,'eaque','recusandae',17,62696246,'2017-12-22 20:56:08','2021-07-28 00:33:02'),(30,'hic','velit',60,52314,'2006-08-03 15:17:16','1978-07-10 18:45:11'),(31,'beatae','a',4,82903178,'1982-06-14 13:36:15','1970-09-02 12:09:40'),(32,'molestias','laborum',75,87,'1990-06-28 23:33:23','1976-04-10 05:19:10'),(33,'odio','cumque',55,2289328,'1993-10-26 18:33:36','1991-11-08 19:16:11'),(34,'perferendis','ut',80,1404664,'1973-11-14 14:02:22','2018-06-16 10:14:22'),(35,'laboriosam','praesentium',35,80,'1991-05-10 20:05:21','1981-11-20 10:39:20'),(36,'voluptas','et',96,3,'2016-04-29 16:39:41','1993-01-14 18:37:01'),(37,'consequatur','voluptatem',45,0,'1985-05-26 13:05:01','2008-09-06 09:15:01'),(38,'maxime','porro',11,46955,'1972-11-01 12:21:20','1978-04-22 19:22:14'),(39,'necessitatibus','repudiandae',3,51,'2007-02-28 02:56:47','1973-03-14 19:31:50'),(40,'autem','labore',61,107,'1998-09-06 14:38:22','1977-10-05 10:03:39'),(41,'distinctio','suscipit',40,0,'2008-05-14 10:19:25','2002-07-16 12:00:25'),(42,'eum','itaque',3,87249593,'1984-11-16 18:41:51','1987-05-07 22:35:53'),(43,'accusamus','nemo',4,72602,'2018-09-06 02:19:55','2006-09-07 17:23:53'),(44,'omnis','numquam',71,2835,'1980-12-05 22:01:05','1974-07-27 04:37:12'),(45,'cumque','ipsam',40,6342109,'1990-07-31 03:16:52','1991-11-27 07:47:24'),(46,'quia','quia',43,96278140,'1999-10-02 19:19:01','2006-01-28 03:40:09'),(47,'aliquid','rerum',19,11164,'1995-01-15 16:22:06','1981-05-11 17:00:56'),(48,'repellendus','officiis',52,241,'1972-08-12 14:06:59','2016-11-10 20:25:15'),(49,'maiores','facere',75,77,'2013-01-09 14:57:40','1994-07-22 17:42:21'),(50,'aperiam','in',27,0,'1988-05-09 00:08:21','2008-02-08 23:18:12'),(51,'molestiae','non',80,16,'1991-03-28 06:04:02','2003-07-21 04:25:36'),(52,'consequatur','excepturi',72,0,'1975-04-26 08:25:33','2003-09-24 05:51:12'),(53,'aut','tempore',99,5240153,'1982-05-24 19:59:38','2019-06-22 21:17:56'),(54,'est','omnis',8,453,'1998-11-12 00:47:22','1980-04-03 16:20:42'),(55,'non','perspiciatis',21,6,'2012-05-01 00:10:42','2017-03-25 02:08:41'),(56,'cumque','velit',85,6521748,'1971-10-18 22:24:40','2019-12-29 07:11:33'),(57,'ex','dignissimos',99,760,'2012-04-11 05:17:15','1990-07-08 08:21:32'),(58,'ut','sed',85,6548208,'2011-06-20 05:41:43','1972-01-20 22:13:16'),(59,'et','et',12,37536119,'1975-01-07 02:24:09','1999-11-22 19:57:37'),(60,'aliquid','voluptatem',15,415,'1996-05-01 03:56:39','2018-10-02 04:07:28'),(61,'autem','non',45,82496,'1985-08-22 23:02:15','2004-01-27 22:20:59'),(62,'quibusdam','quia',16,9187799,'2019-12-16 04:11:57','1989-08-10 21:45:00'),(63,'occaecati','voluptatem',89,974,'2013-09-04 04:17:50','2005-01-23 05:22:52'),(64,'voluptates','esse',99,0,'1974-01-14 10:59:39','1983-04-10 21:59:25'),(65,'aut','maiores',95,734,'1998-04-06 01:54:39','1998-08-05 09:00:32'),(66,'inventore','harum',24,415,'1977-12-19 03:48:30','1994-09-24 05:55:24'),(67,'quis','dolor',95,3179362,'1976-07-09 07:52:22','2019-03-21 04:46:36'),(68,'ut','libero',40,4,'1999-01-01 19:35:58','2015-02-09 00:48:58'),(69,'autem','earum',34,335,'2014-03-10 23:21:13','1976-02-25 15:48:28'),(70,'vel','officia',97,886,'2018-08-02 07:36:45','2013-06-09 03:40:11'),(71,'sapiente','ullam',1,29896,'2001-04-15 22:12:12','1979-01-19 06:56:51'),(72,'sed','ex',74,32937,'1973-07-12 11:46:10','1992-12-18 17:55:12'),(73,'id','aut',100,6353884,'2009-01-02 22:11:48','2007-11-07 11:15:43'),(74,'tenetur','autem',4,0,'2020-01-23 22:28:19','1986-02-16 06:30:52'),(75,'dolorum','in',45,84,'1991-05-17 02:28:40','2019-12-01 18:10:20'),(76,'dolores','consequatur',40,42,'1970-10-04 18:03:06','2014-01-11 22:23:55'),(77,'cumque','ut',46,824801027,'2000-02-21 14:51:38','1970-07-18 03:08:18'),(78,'velit','et',64,302,'1985-09-13 01:15:06','2003-10-24 21:55:26'),(79,'dolore','reprehenderit',91,882,'2019-06-03 03:36:15','1981-02-07 04:29:05'),(80,'atque','maiores',21,7632,'1994-06-29 13:13:52','1977-01-06 00:54:19'),(81,'omnis','nam',90,401392272,'1982-11-25 01:53:48','1974-03-27 20:48:29'),(82,'fuga','laboriosam',70,0,'2017-10-27 18:29:26','2010-07-17 21:01:32'),(83,'aut','eveniet',92,85,'1983-06-08 18:35:51','1974-04-22 06:21:22'),(84,'debitis','id',88,134,'2016-07-24 12:03:56','1973-07-24 11:30:31'),(85,'inventore','voluptatem',78,0,'1993-01-01 22:02:48','1989-12-23 01:41:39'),(86,'fugit','consectetur',12,9975592,'1974-01-04 21:16:12','1987-08-06 06:17:40'),(87,'assumenda','et',73,827,'1985-11-28 10:23:50','2006-01-04 01:25:41'),(88,'fugit','sint',76,0,'1990-05-31 23:38:34','2006-09-23 22:38:12'),(89,'aut','praesentium',97,25,'1972-02-10 19:16:58','2003-06-22 16:03:16'),(90,'consequuntur','quo',84,4720,'2011-12-20 10:15:14','1990-12-07 02:11:59'),(91,'quis','ex',90,6347,'2000-03-12 18:07:56','1995-07-26 14:06:35'),(92,'et','sint',41,141,'1990-02-22 11:30:41','1995-05-31 08:35:35'),(93,'vel','ut',100,4208,'1977-03-01 13:38:24','2000-10-26 15:07:40'),(94,'quis','cupiditate',79,32,'2014-12-16 01:40:11','1984-03-25 11:28:54'),(95,'et','vitae',39,47532303,'1983-09-06 22:59:41','2010-04-08 10:38:14'),(96,'id','aut',95,1251,'1985-12-26 07:56:19','1984-03-17 19:22:22'),(97,'doloribus','nihil',3,993475,'2006-10-05 22:30:53','1981-07-27 21:54:12'),(98,'unde','ducimus',33,658,'2002-04-21 13:40:25','1972-03-26 06:23:26'),(99,'laboriosam','omnis',34,12031,'1989-08-26 12:18:43','2018-01-01 00:00:12'),(100,'perspiciatis','quae',37,720605,'1976-07-10 21:14:48','2007-04-21 18:17:12');
/*!40000 ALTER TABLE `music` ENABLE KEYS */;
UNLOCK TABLES;

--
-- Table structure for table `music_library`
--

DROP TABLE IF EXISTS `music_library`;
/*!40101 SET @saved_cs_client     = @@character_set_client */;
/*!40101 SET character_set_client = utf8 */;
CREATE TABLE `music_library` (
  `music_id` bigint(20) unsigned NOT NULL,
  `user_id` bigint(20) unsigned NOT NULL,
  `created_at` datetime DEFAULT current_timestamp(),
  PRIMARY KEY (`music_id`,`user_id`),
  KEY `user_id` (`user_id`),
  CONSTRAINT `music_library_ibfk_1` FOREIGN KEY (`music_id`) REFERENCES `music` (`id`) ON DELETE CASCADE ON UPDATE CASCADE,
  CONSTRAINT `music_library_ibfk_2` FOREIGN KEY (`user_id`) REFERENCES `users` (`id`) ON DELETE CASCADE ON UPDATE CASCADE
) ENGINE=InnoDB DEFAULT CHARSET=utf8mb4 COLLATE=utf8mb4_unicode_ci;
/*!40101 SET character_set_client = @saved_cs_client */;

--
-- Dumping data for table `music_library`
--

LOCK TABLES `music_library` WRITE;
/*!40000 ALTER TABLE `music_library` DISABLE KEYS */;
INSERT INTO `music_library` VALUES (1,53,'1996-10-07 15:52:49'),(2,1,'2009-05-30 17:25:20'),(2,94,'1999-09-28 11:21:37'),(3,74,'1993-06-17 01:17:04'),(7,28,'1998-08-19 02:58:24'),(9,3,'1983-11-22 05:16:04'),(9,79,'2003-03-30 14:46:43'),(12,21,'1984-09-11 11:19:15'),(12,56,'1980-05-02 06:31:49'),(12,99,'2012-04-02 15:29:57'),(13,40,'2012-01-02 18:35:14'),(13,47,'2016-05-16 04:19:38'),(14,11,'2021-06-09 00:23:05'),(14,37,'2016-05-22 09:08:21'),(16,9,'2013-10-09 04:20:51'),(17,19,'1993-06-15 11:21:23'),(21,61,'2021-04-20 20:13:37'),(23,11,'2022-02-17 20:51:15'),(24,2,'1976-11-26 04:52:56'),(24,74,'1983-02-02 12:26:21'),(25,59,'2020-08-24 09:22:09'),(25,76,'2006-04-20 23:50:08'),(25,87,'2016-01-28 02:32:50'),(26,20,'2003-12-05 20:59:09'),(26,56,'2004-08-14 17:58:19'),(27,13,'1991-09-24 15:29:49'),(27,15,'1974-04-08 23:02:55'),(27,33,'1970-02-23 03:39:22'),(28,17,'2005-09-23 06:24:35'),(28,73,'2008-05-13 14:33:17'),(33,9,'1994-05-30 04:28:32'),(33,92,'1979-08-19 20:58:24'),(34,20,'1972-09-07 10:39:03'),(34,57,'1976-12-22 16:21:21'),(34,87,'2006-03-27 20:26:13'),(37,12,'2013-06-10 05:41:27'),(38,75,'1973-10-26 15:09:04'),(39,26,'1984-05-16 19:53:14'),(39,50,'1999-12-09 17:18:50'),(41,30,'1999-07-15 20:44:08'),(41,94,'2010-08-23 05:40:43'),(42,63,'1974-09-22 14:41:38'),(43,20,'2016-09-15 12:29:46'),(43,32,'1985-05-18 08:28:06'),(47,17,'1972-10-10 18:23:44'),(47,59,'2021-07-18 09:37:15'),(49,67,'1978-01-18 18:52:14'),(50,41,'2010-03-16 23:26:22'),(51,2,'1977-10-08 12:55:19'),(52,25,'1998-09-12 06:31:37'),(53,13,'1985-12-16 22:27:36'),(54,19,'2012-03-20 17:07:45'),(55,34,'1973-08-16 01:32:20'),(55,45,'2003-03-31 14:28:47'),(55,60,'2009-07-26 14:58:01'),(56,20,'2004-02-18 06:12:10'),(56,26,'1980-03-08 21:17:51'),(56,54,'1989-09-07 05:36:02'),(57,72,'1996-06-28 06:55:47'),(58,28,'1999-03-25 18:23:16'),(58,72,'2003-08-23 01:48:01'),(59,23,'2008-06-13 20:51:16'),(60,82,'1985-02-08 09:18:35'),(61,3,'1993-12-04 15:46:41'),(63,25,'1977-02-27 06:39:25'),(64,95,'2006-11-29 21:18:26'),(66,17,'2010-05-11 04:50:52'),(66,65,'2016-05-25 13:09:25'),(68,52,'1972-05-24 13:15:35'),(68,68,'2011-01-22 08:43:49'),(68,83,'2014-02-15 21:26:20'),(70,34,'1989-08-27 01:21:40'),(70,68,'2013-11-17 18:54:08'),(71,18,'1989-02-08 04:54:14'),(72,73,'1999-03-11 21:07:51'),(72,80,'2010-02-09 11:54:59'),(72,83,'1992-08-10 18:35:43'),(72,92,'1999-05-13 02:29:11'),(73,41,'1990-08-12 22:32:57'),(75,14,'1979-04-19 01:05:25'),(75,16,'2019-01-18 10:54:52'),(77,36,'1989-11-17 17:41:33'),(77,99,'2013-12-13 17:43:15'),(80,79,'1983-01-23 04:44:36'),(84,80,'1989-11-22 21:23:50'),(84,82,'2001-03-15 00:03:05'),(86,16,'1985-01-13 06:40:20'),(87,16,'1991-06-01 22:24:57'),(88,37,'1970-11-27 12:39:37'),(91,23,'2018-05-02 01:41:54'),(91,51,'1970-08-05 12:56:12'),(93,51,'2005-01-24 14:42:19'),(93,87,'2003-06-14 09:21:32'),(94,67,'2020-11-10 15:51:18'),(95,36,'1980-11-25 16:54:51'),(96,26,'1999-12-14 07:43:18'),(98,90,'1994-08-30 16:47:59'),(99,34,'1972-08-31 16:13:14'),(100,96,'2003-09-10 23:58:24');
/*!40000 ALTER TABLE `music_library` ENABLE KEYS */;
UNLOCK TABLES;

--
-- Table structure for table `music_playlists`
--

DROP TABLE IF EXISTS `music_playlists`;
/*!40101 SET @saved_cs_client     = @@character_set_client */;
/*!40101 SET character_set_client = utf8 */;
CREATE TABLE `music_playlists` (
  `id` bigint(20) unsigned NOT NULL AUTO_INCREMENT,
  `music_id` bigint(20) unsigned NOT NULL,
  `user_id` bigint(20) unsigned NOT NULL,
  `created_at` datetime DEFAULT current_timestamp(),
  `updated_at` datetime DEFAULT current_timestamp() ON UPDATE current_timestamp(),
  PRIMARY KEY (`id`),
  KEY `user_id` (`user_id`),
  KEY `music_id` (`music_id`),
  CONSTRAINT `music_playlists_ibfk_1` FOREIGN KEY (`user_id`) REFERENCES `users` (`id`) ON DELETE CASCADE ON UPDATE CASCADE,
  CONSTRAINT `music_playlists_ibfk_2` FOREIGN KEY (`music_id`) REFERENCES `music` (`id`) ON DELETE CASCADE ON UPDATE CASCADE
) ENGINE=InnoDB AUTO_INCREMENT=101 DEFAULT CHARSET=utf8mb4 COLLATE=utf8mb4_unicode_ci;
/*!40101 SET character_set_client = @saved_cs_client */;

--
-- Dumping data for table `music_playlists`
--

LOCK TABLES `music_playlists` WRITE;
/*!40000 ALTER TABLE `music_playlists` DISABLE KEYS */;
INSERT INTO `music_playlists` VALUES (1,82,19,'2021-09-25 06:28:49','1989-03-14 21:05:37'),(2,71,64,'1972-08-20 09:59:36','2003-04-25 02:37:36'),(3,85,18,'1982-05-14 12:04:09','1998-07-23 15:42:22'),(4,2,88,'1973-06-21 12:15:42','2001-04-25 19:55:44'),(5,8,22,'2002-07-25 05:28:33','2008-09-26 13:03:16'),(6,96,5,'2012-01-22 04:18:12','2005-03-05 02:47:49'),(7,36,22,'1976-05-23 13:45:22','2004-08-30 12:02:05'),(8,62,22,'2006-10-05 04:13:09','1994-05-01 14:04:19'),(9,39,42,'1995-12-20 15:16:12','1979-07-23 21:44:49'),(10,22,58,'1974-09-12 21:41:26','2019-12-31 03:34:10'),(11,53,3,'1999-10-12 21:07:40','1991-02-20 07:19:50'),(12,70,10,'1970-02-20 06:48:24','1986-12-15 16:47:20'),(13,69,28,'1985-06-22 22:34:47','1979-08-02 01:02:41'),(14,21,28,'1999-06-24 05:53:50','2006-03-17 15:18:23'),(15,75,74,'1998-05-25 08:50:39','2008-09-25 05:00:56'),(16,75,62,'1992-08-05 07:02:36','2015-12-08 20:30:51'),(17,92,83,'2008-08-09 01:45:24','2009-05-19 03:44:48'),(18,58,91,'1975-07-10 21:35:40','2016-08-31 09:24:37'),(19,90,54,'2021-02-20 14:06:10','1978-09-21 21:16:46'),(20,13,35,'2000-06-05 07:01:31','1983-12-01 09:06:44'),(21,88,2,'2004-02-28 21:58:07','2018-03-27 21:00:58'),(22,7,20,'1995-09-06 04:51:47','2004-12-02 22:51:56'),(23,32,18,'1992-01-09 03:12:31','2007-09-16 16:39:01'),(24,80,21,'2014-03-01 07:15:04','2012-03-10 23:54:25'),(25,44,47,'2018-06-06 01:17:49','2022-05-04 20:30:46'),(26,9,82,'1994-04-07 07:01:57','1980-07-04 20:55:43'),(27,31,7,'1991-11-17 17:16:33','2018-03-30 03:52:28'),(28,41,81,'1971-08-30 10:36:43','1974-10-18 05:19:29'),(29,92,24,'1987-04-13 08:13:25','2015-12-31 20:42:15'),(30,42,92,'2004-05-23 08:25:21','1996-09-11 08:05:34'),(31,68,18,'2022-10-23 20:27:09','2002-01-19 16:31:23'),(32,46,88,'1974-04-03 04:58:08','1970-06-19 23:56:28'),(33,88,16,'2010-02-16 09:41:33','1996-09-29 02:42:29'),(34,52,4,'2020-04-28 05:06:45','2008-07-11 05:23:41'),(35,56,13,'1990-01-15 02:05:31','1970-01-24 02:14:02'),(36,87,65,'1997-07-12 16:57:17','2007-03-01 16:25:25'),(37,65,95,'2022-02-08 08:20:50','1976-02-11 10:41:42'),(38,4,77,'1987-10-27 02:36:14','2004-03-14 13:10:35'),(39,20,24,'1991-06-05 21:16:17','2001-12-25 08:18:20'),(40,61,68,'1997-01-09 17:00:53','2002-07-03 10:32:48'),(41,65,81,'1977-06-25 15:16:55','1977-11-07 02:33:21'),(42,58,50,'1983-05-13 00:19:32','2003-04-10 19:52:03'),(43,50,1,'1982-06-18 23:23:34','2008-12-30 10:14:48'),(44,96,98,'1970-05-27 21:02:19','1995-09-11 23:20:28'),(45,59,41,'1992-06-15 11:58:06','2013-10-26 17:55:09'),(46,41,19,'2022-05-20 16:20:49','2020-04-04 01:54:54'),(47,6,1,'2014-11-29 23:17:36','1985-03-28 22:34:25'),(48,92,43,'1980-03-25 18:20:20','1981-08-21 09:28:19'),(49,6,61,'2019-01-15 11:29:35','2017-06-19 03:50:54'),(50,77,65,'2012-05-20 15:18:46','1970-07-01 02:35:00'),(51,13,43,'2013-12-22 18:26:42','1971-05-04 02:07:10'),(52,51,46,'2011-05-04 14:07:50','1996-08-08 23:34:06'),(53,43,31,'1986-01-08 17:33:13','1996-05-15 14:17:21'),(54,28,77,'1975-08-14 11:19:49','1973-02-26 02:09:04'),(55,64,72,'2000-03-06 22:51:22','2020-10-29 01:15:19'),(56,9,20,'1979-01-29 06:22:15','1974-10-10 12:27:29'),(57,12,72,'1971-12-19 17:37:23','1977-08-12 03:48:45'),(58,78,34,'1980-05-09 06:56:05','2022-07-11 14:57:03'),(59,85,35,'2021-11-21 13:14:39','1973-07-12 18:58:06'),(60,44,3,'2004-11-17 18:51:28','2021-09-27 17:36:26'),(61,26,92,'2018-12-07 11:17:54','1971-10-13 06:40:31'),(62,81,24,'2001-12-26 09:58:39','1982-07-09 19:41:49'),(63,26,68,'1989-02-06 09:06:57','1976-11-05 11:02:02'),(64,75,47,'2004-05-29 14:30:39','1983-07-22 13:16:55'),(65,94,68,'1983-05-13 13:20:11','1989-07-08 12:01:11'),(66,84,67,'1984-07-07 05:09:35','1983-07-23 16:29:07'),(67,31,15,'1999-05-19 04:53:19','1975-11-20 04:17:24'),(68,82,33,'2015-10-08 07:05:12','1978-01-28 15:58:48'),(69,60,71,'2014-08-27 02:12:27','1989-12-25 18:44:35'),(70,92,95,'2012-12-22 20:16:34','1974-06-16 02:31:11'),(71,41,18,'1983-10-14 18:34:20','2019-11-03 08:05:55'),(72,90,54,'1985-05-11 17:37:30','2006-05-23 15:50:53'),(73,34,57,'1981-02-15 01:57:58','1984-10-28 20:59:42'),(74,61,58,'2021-09-29 12:43:09','2012-09-25 17:14:03'),(75,28,32,'1994-03-07 04:51:11','1977-07-20 00:43:38'),(76,38,26,'2016-05-01 01:54:30','1989-03-05 22:03:12'),(77,37,4,'2006-06-04 02:01:16','1998-08-15 11:03:25'),(78,23,19,'1970-02-03 03:54:23','2000-08-19 12:37:29'),(79,22,11,'2015-02-07 02:51:27','2012-09-08 19:32:17'),(80,63,42,'1991-02-16 13:20:54','2006-09-26 09:25:04'),(81,38,26,'1972-12-26 18:54:17','1986-04-18 05:31:37'),(82,77,30,'2011-04-07 08:34:04','1970-04-06 18:01:17'),(83,64,28,'1981-08-18 19:38:40','1974-02-17 17:02:43'),(84,26,29,'2015-06-02 23:41:17','1986-02-04 17:35:25'),(85,16,86,'2008-09-08 06:12:15','1994-11-15 11:52:41'),(86,14,82,'1971-06-16 22:43:20','2005-07-22 16:00:30'),(87,99,46,'2015-09-21 20:45:27','2004-11-25 08:26:32'),(88,80,19,'1997-04-30 14:25:00','1986-11-15 12:36:10'),(89,26,80,'2004-11-06 20:57:15','1971-01-13 00:32:50'),(90,2,76,'2019-09-13 01:53:44','1982-05-26 06:45:10'),(91,80,19,'2013-11-17 12:42:04','2006-10-24 14:02:15'),(92,61,5,'1996-05-27 14:37:51','1996-06-14 21:03:47'),(93,3,49,'1997-04-29 11:44:54','2010-10-11 04:06:59'),(94,3,27,'2019-11-01 01:37:17','2013-01-10 22:06:53'),(95,12,96,'2010-12-20 23:12:02','1990-01-30 20:15:09'),(96,58,27,'2010-01-15 14:05:51','1976-07-27 02:46:04'),(97,87,29,'1971-08-27 16:42:37','1978-02-15 09:42:09'),(98,27,93,'2012-02-06 04:08:53','1989-07-05 22:26:13'),(99,4,1,'1993-01-19 17:06:01','1988-02-06 15:45:50'),(100,99,98,'1986-07-22 10:18:34','1982-08-13 13:48:10');
/*!40000 ALTER TABLE `music_playlists` ENABLE KEYS */;
UNLOCK TABLES;

--
-- Table structure for table `photo_albums`
--

DROP TABLE IF EXISTS `photo_albums`;
/*!40101 SET @saved_cs_client     = @@character_set_client */;
/*!40101 SET character_set_client = utf8 */;
CREATE TABLE `photo_albums` (
  `id` bigint(20) unsigned NOT NULL AUTO_INCREMENT,
  `name` varchar(255) COLLATE utf8mb4_unicode_ci DEFAULT NULL,
  `user_id` bigint(20) unsigned DEFAULT NULL,
  PRIMARY KEY (`id`),
  UNIQUE KEY `id` (`id`),
  KEY `user_id` (`user_id`),
  CONSTRAINT `photo_albums_ibfk_1` FOREIGN KEY (`user_id`) REFERENCES `users` (`id`) ON DELETE SET NULL ON UPDATE CASCADE
) ENGINE=InnoDB AUTO_INCREMENT=101 DEFAULT CHARSET=utf8mb4 COLLATE=utf8mb4_unicode_ci;
/*!40101 SET character_set_client = @saved_cs_client */;

--
-- Dumping data for table `photo_albums`
--

LOCK TABLES `photo_albums` WRITE;
/*!40000 ALTER TABLE `photo_albums` DISABLE KEYS */;
INSERT INTO `photo_albums` VALUES (1,'quia',22),(2,'voluptatibus',40),(3,'sapiente',23),(4,'aliquid',91),(5,'praesentium',41),(6,'eos',65),(7,'reiciendis',1),(8,'est',65),(9,'repellendus',14),(10,'amet',88),(11,'est',75),(12,'vel',70),(13,'porro',34),(14,'quis',45),(15,'ut',4),(16,'nesciunt',47),(17,'sequi',9),(18,'enim',84),(19,'rerum',46),(20,'vel',41),(21,'laborum',53),(22,'voluptas',70),(23,'nisi',92),(24,'voluptatem',35),(25,'cum',92),(26,'expedita',60),(27,'corrupti',75),(28,'id',25),(29,'natus',1),(30,'fuga',37),(31,'et',95),(32,'dolore',20),(33,'sit',52),(34,'non',30),(35,'soluta',99),(36,'aliquam',38),(37,'atque',40),(38,'saepe',77),(39,'aut',20),(40,'atque',11),(41,'molestias',1),(42,'dicta',19),(43,'ut',91),(44,'eaque',96),(45,'modi',76),(46,'nesciunt',46),(47,'dicta',97),(48,'similique',62),(49,'unde',33),(50,'voluptatem',90),(51,'eum',76),(52,'qui',38),(53,'atque',19),(54,'enim',48),(55,'natus',11),(56,'qui',18),(57,'atque',4),(58,'non',45),(59,'tempore',43),(60,'qui',6),(61,'sed',37),(62,'maxime',43),(63,'et',57),(64,'fuga',88),(65,'fugiat',32),(66,'corporis',28),(67,'totam',98),(68,'possimus',80),(69,'nulla',84),(70,'sit',23),(71,'consequatur',51),(72,'iste',56),(73,'et',95),(74,'ut',29),(75,'modi',48),(76,'alias',2),(77,'voluptate',8),(78,'distinctio',46),(79,'aut',26),(80,'alias',40),(81,'vel',22),(82,'dolores',16),(83,'quia',28),(84,'labore',42),(85,'animi',72),(86,'sequi',19),(87,'quis',63),(88,'assumenda',65),(89,'velit',19),(90,'aut',58),(91,'est',39),(92,'reprehenderit',48),(93,'sapiente',54),(94,'perferendis',80),(95,'culpa',54),(96,'corporis',94),(97,'impedit',29),(98,'dolor',68),(99,'temporibus',32),(100,'nostrum',74);
/*!40000 ALTER TABLE `photo_albums` ENABLE KEYS */;
UNLOCK TABLES;

--
-- Table structure for table `photos`
--

DROP TABLE IF EXISTS `photos`;
/*!40101 SET @saved_cs_client     = @@character_set_client */;
/*!40101 SET character_set_client = utf8 */;
CREATE TABLE `photos` (
  `id` bigint(20) unsigned NOT NULL AUTO_INCREMENT,
  `album_id` bigint(20) unsigned NOT NULL,
  `media_id` bigint(20) unsigned NOT NULL,
  PRIMARY KEY (`id`),
  KEY `album_id` (`album_id`),
  KEY `media_id` (`media_id`),
  CONSTRAINT `photos_ibfk_1` FOREIGN KEY (`album_id`) REFERENCES `photo_albums` (`id`) ON DELETE CASCADE ON UPDATE CASCADE,
  CONSTRAINT `photos_ibfk_2` FOREIGN KEY (`media_id`) REFERENCES `media` (`id`) ON DELETE CASCADE ON UPDATE CASCADE
) ENGINE=InnoDB AUTO_INCREMENT=101 DEFAULT CHARSET=utf8mb4 COLLATE=utf8mb4_unicode_ci;
/*!40101 SET character_set_client = @saved_cs_client */;

--
-- Dumping data for table `photos`
--

LOCK TABLES `photos` WRITE;
/*!40000 ALTER TABLE `photos` DISABLE KEYS */;
INSERT INTO `photos` VALUES (1,12,35),(2,57,38),(3,93,5),(4,90,23),(5,80,86),(6,60,18),(7,56,64),(8,97,14),(9,58,76),(10,29,15),(11,67,46),(12,16,57),(13,35,55),(14,92,19),(15,26,4),(16,30,37),(17,39,86),(18,75,32),(19,91,65),(20,55,70),(21,50,14),(22,87,5),(23,78,84),(24,19,35),(25,60,47),(26,49,26),(27,93,65),(28,83,28),(29,20,74),(30,47,45),(31,78,76),(32,82,16),(33,62,56),(34,48,52),(35,20,2),(36,21,69),(37,16,8),(38,74,93),(39,92,93),(40,28,51),(41,39,77),(42,76,31),(43,41,58),(44,59,60),(45,32,5),(46,5,9),(47,80,86),(48,24,42),(49,42,71),(50,94,61),(51,73,14),(52,30,88),(53,22,4),(54,80,14),(55,96,8),(56,64,34),(57,84,40),(58,65,25),(59,98,24),(60,85,29),(61,28,89),(62,37,8),(63,74,61),(64,49,15),(65,32,42),(66,76,4),(67,56,6),(68,92,78),(69,9,72),(70,91,5),(71,79,55),(72,39,62),(73,94,4),(74,87,91),(75,27,71),(76,20,54),(77,59,56),(78,62,33),(79,17,10),(80,48,48),(81,52,23),(82,52,8),(83,29,43),(84,86,37),(85,14,77),(86,42,93),(87,31,80),(88,55,25),(89,83,41),(90,16,9),(91,11,35),(92,63,70),(93,91,24),(94,2,8),(95,33,50),(96,55,85),(97,73,7),(98,93,1),(99,50,79),(100,38,64);
/*!40000 ALTER TABLE `photos` ENABLE KEYS */;
UNLOCK TABLES;

--
-- Table structure for table `playlists_library`
--

DROP TABLE IF EXISTS `playlists_library`;
/*!40101 SET @saved_cs_client     = @@character_set_client */;
/*!40101 SET character_set_client = utf8 */;
CREATE TABLE `playlists_library` (
  `playlist_id` bigint(20) unsigned NOT NULL,
  `user_id` bigint(20) unsigned NOT NULL,
  `created_at` datetime DEFAULT current_timestamp(),
  PRIMARY KEY (`playlist_id`,`user_id`),
  KEY `user_id` (`user_id`),
  CONSTRAINT `playlists_library_ibfk_1` FOREIGN KEY (`playlist_id`) REFERENCES `music_playlists` (`id`) ON DELETE CASCADE ON UPDATE CASCADE,
  CONSTRAINT `playlists_library_ibfk_2` FOREIGN KEY (`user_id`) REFERENCES `users` (`id`) ON DELETE CASCADE ON UPDATE CASCADE
) ENGINE=InnoDB DEFAULT CHARSET=utf8mb4 COLLATE=utf8mb4_unicode_ci;
/*!40101 SET character_set_client = @saved_cs_client */;

--
-- Dumping data for table `playlists_library`
--

LOCK TABLES `playlists_library` WRITE;
/*!40000 ALTER TABLE `playlists_library` DISABLE KEYS */;
INSERT INTO `playlists_library` VALUES (1,6,'2013-02-13 20:13:09'),(2,1,'1998-05-31 13:09:28'),(7,25,'1991-06-15 04:55:28'),(10,1,'2009-07-22 11:30:00'),(10,13,'1984-12-26 18:02:25'),(10,41,'1994-04-12 17:31:14'),(10,63,'2016-04-10 18:07:56'),(11,59,'1972-06-19 06:20:20'),(13,79,'2011-09-15 04:03:43'),(14,5,'1978-11-17 17:20:55'),(16,99,'1986-04-28 17:15:03'),(18,54,'1972-12-02 15:49:57'),(19,71,'2022-08-09 04:01:48'),(20,45,'1977-01-25 11:37:42'),(23,74,'1987-06-01 21:41:32'),(23,78,'1993-05-23 20:52:13'),(23,92,'2000-12-20 00:54:31'),(25,73,'1984-10-25 09:49:01'),(26,27,'2008-12-09 22:38:48'),(26,65,'2021-11-20 02:29:47'),(26,73,'1984-12-13 19:29:02'),(27,41,'1973-12-01 11:13:32'),(29,42,'2004-12-03 04:22:04'),(30,56,'2007-07-05 18:16:59'),(31,51,'2015-08-25 07:33:03'),(32,36,'2009-04-27 06:05:28'),(32,46,'2006-08-16 06:15:55'),(33,62,'2007-11-25 07:37:54'),(33,67,'1970-12-25 17:14:28'),(33,78,'2022-02-22 18:04:23'),(34,33,'2015-03-24 19:27:13'),(34,94,'2010-09-13 14:28:24'),(40,71,'2015-11-26 15:49:07'),(41,52,'1993-09-13 19:37:23'),(41,60,'2021-07-29 17:28:18'),(41,91,'1970-07-15 12:20:19'),(42,52,'1988-08-15 00:20:01'),(44,33,'1988-03-05 19:53:09'),(45,77,'1973-06-08 17:28:23'),(46,82,'1989-06-09 17:10:12'),(47,26,'1974-03-30 04:51:48'),(49,62,'1989-09-30 20:51:58'),(51,26,'1978-10-14 06:42:09'),(51,44,'2006-03-30 02:33:22'),(52,55,'1991-12-11 00:11:52'),(53,47,'1994-08-17 22:08:15'),(54,2,'1990-12-11 16:50:27'),(55,41,'2003-01-30 22:45:31'),(55,70,'1991-02-28 06:28:35'),(55,79,'1986-06-16 06:08:30'),(56,86,'2011-11-08 17:22:36'),(56,91,'1979-07-19 20:04:43'),(57,3,'2015-06-17 04:00:08'),(58,11,'1982-11-17 17:31:48'),(59,67,'1980-03-12 08:34:50'),(60,46,'1983-03-06 00:21:46'),(61,11,'1980-06-10 17:56:09'),(61,74,'1980-04-11 14:34:53'),(62,25,'2004-06-27 06:49:44'),(62,42,'1986-09-13 18:59:04'),(63,29,'2002-08-03 18:47:02'),(65,67,'2017-01-15 06:54:04'),(67,65,'1980-03-01 01:20:46'),(68,1,'1978-04-10 21:28:06'),(68,8,'1981-05-17 13:26:42'),(69,24,'1979-06-06 19:02:12'),(69,50,'1999-12-13 04:45:46'),(70,49,'1972-06-12 15:44:28'),(71,89,'1999-04-13 09:31:51'),(72,40,'2005-10-05 01:57:55'),(72,54,'2015-02-05 17:35:57'),(73,18,'1993-03-18 20:45:21'),(74,11,'2004-04-01 23:18:13'),(75,68,'2007-03-02 04:35:09'),(78,2,'2008-10-13 20:24:13'),(78,69,'2005-09-18 20:00:48'),(78,77,'2012-12-13 00:26:11'),(79,78,'1993-04-17 21:20:07'),(80,38,'1988-08-14 22:36:58'),(81,43,'2011-05-10 18:31:09'),(81,82,'1988-09-30 05:56:57'),(82,14,'1981-01-22 02:02:57'),(83,14,'1992-10-06 15:24:11'),(85,97,'2000-03-13 00:14:16'),(88,15,'1995-12-08 11:28:24'),(88,54,'1977-03-07 09:52:08'),(91,22,'2016-03-28 00:16:57'),(91,42,'1992-12-31 13:33:43'),(91,50,'1983-11-30 18:52:38'),(92,72,'1989-02-17 01:56:30'),(92,89,'1990-10-30 16:56:03'),(93,29,'1978-02-12 16:48:13'),(96,14,'2013-02-09 16:07:03'),(97,63,'1989-12-17 21:36:43'),(98,48,'2017-04-30 01:41:32'),(99,18,'1980-11-11 22:33:07'),(99,19,'1992-07-18 05:44:35'),(100,73,'2008-04-16 14:45:13'),(100,87,'2008-11-04 11:12:47'),(100,97,'2013-02-05 01:27:38');
/*!40000 ALTER TABLE `playlists_library` ENABLE KEYS */;
UNLOCK TABLES;

--
-- Table structure for table `profiles`
--

DROP TABLE IF EXISTS `profiles`;
/*!40101 SET @saved_cs_client     = @@character_set_client */;
/*!40101 SET character_set_client = utf8 */;
CREATE TABLE `profiles` (
  `user_id` bigint(20) unsigned NOT NULL AUTO_INCREMENT,
  `gender` char(1) COLLATE utf8mb4_unicode_ci DEFAULT NULL,
  `birthday` date DEFAULT NULL,
  `photo_id` bigint(20) unsigned DEFAULT NULL,
  `created_at` datetime DEFAULT current_timestamp(),
  `hometown` varchar(100) COLLATE utf8mb4_unicode_ci DEFAULT NULL,
  PRIMARY KEY (`user_id`),
  KEY `fk_photo_id` (`photo_id`),
  CONSTRAINT `fk_photo_id` FOREIGN KEY (`photo_id`) REFERENCES `photos` (`id`) ON DELETE SET NULL ON UPDATE CASCADE,
  CONSTRAINT `fk_user_id` FOREIGN KEY (`user_id`) REFERENCES `users` (`id`) ON DELETE CASCADE ON UPDATE CASCADE
) ENGINE=InnoDB AUTO_INCREMENT=101 DEFAULT CHARSET=utf8mb4 COLLATE=utf8mb4_unicode_ci;
/*!40101 SET character_set_client = @saved_cs_client */;

--
-- Dumping data for table `profiles`
--

LOCK TABLES `profiles` WRITE;
/*!40000 ALTER TABLE `profiles` DISABLE KEYS */;
INSERT INTO `profiles` VALUES (1,'','1981-10-21',30,'1977-07-31 21:36:58','dolorem'),(2,'f','2009-03-15',35,'2019-12-06 19:32:21','est'),(3,'','1978-02-13',10,'1988-06-09 08:13:06','aut'),(4,'','1977-11-05',29,'2003-11-25 10:17:48','dolores'),(5,'f','1977-08-21',39,'2007-10-09 04:27:38','delectus'),(6,'f','2017-11-09',55,'1990-03-28 18:21:14','aut'),(7,'f','2011-05-01',68,'2013-06-06 13:26:14','aliquid'),(8,'f','1982-05-29',85,'2019-10-29 19:06:40','quasi'),(9,'','1986-10-05',18,'2004-02-25 19:46:07','eaque'),(10,'f','1988-08-30',59,'1990-01-22 14:25:05','quis'),(11,'f','1973-06-06',5,'2005-05-08 09:02:42','veritatis'),(12,'','2003-11-24',8,'2022-09-15 11:14:35','modi'),(13,'','2018-06-06',29,'1980-06-26 17:56:51','quia'),(14,'f','1973-04-28',96,'2002-11-21 06:49:28','itaque'),(15,'','2006-10-26',96,'2006-03-20 10:28:44','cupiditate'),(16,'f','2008-06-08',6,'2003-07-21 18:29:33','ea'),(17,'','2007-05-15',8,'1974-12-11 12:20:58','temporibus'),(18,'','1980-09-05',68,'2019-06-18 16:29:00','placeat'),(19,'','2012-11-25',81,'2019-01-01 02:34:33','voluptate'),(20,'f','1983-06-20',4,'1971-11-28 22:14:54','sequi'),(21,'','2006-02-01',52,'1982-04-28 10:50:38','iure'),(22,'f','2021-04-25',71,'2016-03-30 22:36:03','saepe'),(23,'f','1996-12-25',44,'1995-02-08 08:32:47','consequatur'),(24,'f','2005-01-25',51,'2020-02-26 13:23:19','reiciendis'),(25,'','2017-04-12',49,'2001-09-16 21:16:56','cupiditate'),(26,'f','1995-04-10',83,'2015-01-08 16:51:17','velit'),(27,'f','2011-02-22',45,'1980-01-26 20:59:58','molestiae'),(28,'f','1983-05-02',51,'1972-05-06 04:16:54','est'),(29,'','1989-11-02',15,'1970-12-25 20:46:42','vel'),(30,'','1997-09-08',79,'1994-10-22 22:36:20','fugiat'),(31,'','1994-07-12',87,'2001-01-28 17:45:01','quia'),(32,'f','2000-06-11',45,'1972-12-10 00:44:19','dicta'),(33,'','1973-09-13',14,'1979-10-07 23:15:07','veritatis'),(34,'','2015-06-04',97,'2015-08-06 00:28:14','amet'),(35,'','2016-04-13',73,'1983-02-18 02:31:24','quos'),(36,'f','1996-02-06',52,'1988-10-18 11:59:28','ut'),(37,'f','2004-09-18',51,'2007-02-15 02:58:36','voluptas'),(38,'','2007-10-01',41,'1985-11-16 20:30:50','corporis'),(39,'','2012-07-25',37,'1985-03-28 10:40:42','omnis'),(40,'f','1988-07-27',69,'2020-10-08 18:12:36','deleniti'),(41,'f','1990-06-17',99,'1990-10-18 10:10:27','beatae'),(42,'','2009-02-03',41,'1982-11-05 21:11:23','voluptates'),(43,'','2011-12-14',77,'1975-09-04 12:06:54','nulla'),(44,'f','1994-02-23',27,'2017-05-02 15:53:04','consequuntur'),(45,'','2004-09-27',37,'2003-11-14 01:17:19','nulla'),(46,'f','2009-01-26',72,'1994-01-08 21:10:18','sit'),(47,'f','1980-06-20',32,'2021-09-19 18:16:19','quod'),(48,'','1973-04-26',44,'1993-08-19 07:45:09','labore'),(49,'','1980-11-06',39,'1971-09-14 08:59:52','architecto'),(50,'f','2017-07-12',13,'1972-06-05 11:22:58','et'),(51,'','1998-05-19',48,'1990-12-14 23:18:06','et'),(52,'f','2001-08-26',90,'1980-02-21 19:12:31','quo'),(53,'f','1998-08-31',83,'2014-09-23 20:46:50','magni'),(54,'f','2016-12-25',92,'1977-11-30 04:29:51','aut'),(55,'','2016-02-19',41,'2000-10-24 17:06:46','ullam'),(56,'f','2020-04-20',31,'2014-03-12 09:13:43','ut'),(57,'f','1977-03-13',74,'1993-04-19 22:09:33','ipsa'),(58,'','1988-03-07',85,'1978-11-19 13:56:48','ipsa'),(59,'','2013-07-13',82,'1996-10-28 04:50:44','quis'),(60,'','2007-03-29',89,'2010-02-14 20:00:56','qui'),(61,'f','1991-05-14',64,'2020-08-13 07:14:48','aperiam'),(62,'f','2013-11-01',69,'1980-01-20 12:35:53','eos'),(63,'f','1981-05-10',33,'1978-06-12 01:54:05','voluptas'),(64,'f','2014-12-24',77,'1999-09-04 05:05:27','deserunt'),(65,'f','2008-09-06',66,'1970-01-16 03:44:49','est'),(66,'','1975-05-14',6,'2002-02-17 12:28:24','ex'),(67,'','2022-10-22',29,'1977-09-01 07:02:55','velit'),(68,'','2009-02-26',17,'1971-07-02 13:41:10','rerum'),(69,'f','2007-02-07',46,'2003-08-04 13:04:40','sapiente'),(70,'f','2007-07-14',65,'1985-05-12 15:11:08','ducimus'),(71,'f','2001-09-14',86,'1995-10-02 23:58:11','qui'),(72,'','1986-04-13',45,'2016-10-06 18:07:45','et'),(73,'','2009-02-08',5,'1994-10-13 16:11:44','corporis'),(74,'','1990-09-03',62,'2011-04-24 07:03:17','officiis'),(75,'','2016-04-20',71,'1976-11-14 06:09:37','ad'),(76,'f','1977-07-25',42,'1979-09-20 01:32:32','sed'),(77,'f','1980-09-01',33,'2003-08-31 20:10:30','voluptatibus'),(78,'f','1983-02-22',3,'1991-07-12 17:34:38','asperiores'),(79,'f','2001-02-24',85,'1991-08-12 04:03:20','perferendis'),(80,'','2011-11-28',72,'1973-07-19 23:39:30','est'),(81,'f','1986-11-23',15,'1979-06-27 03:47:55','possimus'),(82,'','2012-09-04',33,'2009-11-29 21:11:01','ipsam'),(83,'f','2019-12-11',61,'1971-03-30 21:00:51','excepturi'),(84,'','1970-05-17',97,'1988-01-13 07:47:28','accusantium'),(85,'f','1975-06-08',24,'2008-03-10 17:11:36','voluptatem'),(86,'f','2009-09-13',1,'1987-04-29 03:18:05','ab'),(87,'','2011-05-08',28,'2000-08-18 05:38:01','sunt'),(88,'f','2006-10-17',97,'2002-05-19 19:34:59','dolore'),(89,'','2000-07-08',86,'1992-11-21 22:40:08','dolorum'),(90,'','2021-02-01',10,'2021-11-28 14:31:21','est'),(91,'','2019-03-08',85,'1994-08-15 17:06:36','vel'),(92,'f','1971-02-13',49,'1986-10-12 01:39:17','fugit'),(93,'f','2011-01-16',78,'2008-10-12 21:07:12','cum'),(94,'f','1975-08-25',18,'2001-06-06 14:47:12','suscipit'),(95,'','1987-07-16',26,'1981-02-07 16:40:48','voluptatem'),(96,'','2013-01-07',44,'1978-09-11 10:50:17','voluptate'),(97,'f','1999-07-24',23,'1995-07-20 16:10:15','id'),(98,'f','1970-05-15',54,'2002-06-27 06:15:20','temporibus'),(99,'','1981-12-18',60,'2009-10-30 22:31:55','nam'),(100,'','1998-06-11',69,'2001-01-18 00:01:29','est');
/*!40000 ALTER TABLE `profiles` ENABLE KEYS */;
UNLOCK TABLES;

--
-- Table structure for table `users`
--

DROP TABLE IF EXISTS `users`;
/*!40101 SET @saved_cs_client     = @@character_set_client */;
/*!40101 SET character_set_client = utf8 */;
CREATE TABLE `users` (
  `id` bigint(20) unsigned NOT NULL AUTO_INCREMENT,
  `firstname` varchar(100) COLLATE utf8mb4_unicode_ci DEFAULT NULL,
  `lastname` varchar(100) COLLATE utf8mb4_unicode_ci DEFAULT NULL COMMENT '',
  `email` varchar(100) COLLATE utf8mb4_unicode_ci DEFAULT NULL,
  `password_hash` varchar(100) COLLATE utf8mb4_unicode_ci DEFAULT NULL,
  `phone` bigint(20) DEFAULT NULL,
  `is_deleted` bit(1) DEFAULT b'0',
  PRIMARY KEY (`id`),
  UNIQUE KEY `email` (`email`),
  KEY `users_firstname_lastname_idx` (`firstname`,`lastname`)
) ENGINE=InnoDB AUTO_INCREMENT=101 DEFAULT CHARSET=utf8mb4 COLLATE=utf8mb4_unicode_ci;
/*!40101 SET character_set_client = @saved_cs_client */;

--
-- Dumping data for table `users`
--

LOCK TABLES `users` WRITE;
/*!40000 ALTER TABLE `users` DISABLE KEYS */;
INSERT INTO `users` VALUES (1,'Tremayne','Bayer','yadams@example.net','9adee68f6e1abdfa9089f8a74335fa85cf56972a',97560996560,'\0'),(2,'Kylie','Christiansen','ayla91@example.org','c1ccf4dc93b7bac66c433edf7fc3ff8c79846fe3',96446763433,'\0'),(3,'Elfrieda','Grady','leonard44@example.org','5d8f0cd5c9a63f8cffcf20360e329c23e3299d69',96536101585,''),(4,'Chesley','Maggio','whowe@example.com','2aa50e1d2fa8aa3e3ab85b38ed925348468c819a',96509000857,''),(5,'Elwin','Roob','yolanda51@example.com','cda05d99ef3f0bbebbdb12a6934c1a6dc0ca6feb',90937803560,'\0'),(6,'Grady','Murazik','laura.hills@example.org','3e8961da9dfaa66c5ce0a83401eb6b91246dd6f6',93788432243,'\0'),(7,'Elissa','Gutkowski','keyon.schoen@example.com','91c900f366d7171af8bb9caf2400140b18837e8c',99019826542,'\0'),(8,'Carolina','Fay','laurel73@example.net','d75d544e5cb23eb207234e86be42905dcc55a053',97025020321,''),(9,'Tamia','Deckow','ethan.gibson@example.org','c5b36073455ec142c94efa4699b02ffd5d1d400e',97202414538,''),(10,'Murl','Heaney','oberbrunner.izabella@example.com','a824faf32d1f2868fdbe3c2ea393fc5d318ca29a',94977520655,''),(11,'Hipolito','Metz','cheyanne01@example.com','9843cc45f6048d871ce6104d71b28b490a53073a',93773921031,''),(12,'Dock','Cormier','gusikowski.petra@example.com','2a821044ded7449f03888b35dc7ea68c2649389d',96169817003,''),(13,'Andre','Schultz','aufderhar.theodora@example.org','89e7b948b92b72593efda7b708be3cc989f1b591',96788573165,'\0'),(14,'Rowena','Leuschke','delores99@example.net','3c987a77bc9a453a456362b620263b5ed718c1f7',92819197854,'\0'),(15,'Vena','Rogahn','tremaine.thompson@example.org','02769e8a0f305274481fdb55bf764e2797bc6d00',95535565775,''),(16,'Sylvia','Kautzer','angie59@example.com','de2202f012692a1a5b5124dddc523728ada18ab0',99741027503,''),(17,'Carolyne','Vandervort','ofriesen@example.com','94d0f80491025fa535a4c50e6ac39e2694b45322',96177961191,'\0'),(18,'Ebony','Satterfield','abernathy.lonie@example.com','377b84d80e5fac52c500d75e4a9dbad683ac0e3a',96656464141,''),(19,'Fiona','Nienow','dolly.nikolaus@example.org','912f9b562937cb470b099cf493ce4acf78002044',99664657255,''),(20,'Lucienne','Prohaska','shawna65@example.com','edd52c70ec12e69326aa1b1df57483b8a232faa5',91567545748,''),(21,'Petra','Rolfson','luz.o\'kon@example.org','8aae74503b45cb02b0c5d429a2ef718ed5d1b086',96495592117,''),(22,'Jamison','Durgan','oberbrunner.kassandra@example.org','d12664ddcd6b04298e1798729e4420bc80e21c64',95107531857,''),(23,'Brenna','Bode','elody.cartwright@example.com','a8e96e87b8ce72f9aaf481d51b5bd1c6cd05bce8',94888730950,''),(24,'Hollis','Davis','josiah11@example.com','af81f58e40673d8e3efc93563ac6049327702bf0',92883209978,'\0'),(25,'Ivah','Moore','tyreek.luettgen@example.org','11afd85ecf2bbc5f77884a62d288c5abe8adf320',96474666076,''),(26,'Holden','Osinski','laurianne97@example.com','289f98b34f16c124a680fd391aec7461fec3fa7e',91538099009,'\0'),(27,'Brendan','Bogisich','belle27@example.org','8668087fc1717abd430747dc817f955c0019e9fa',94776426807,'\0'),(28,'Cale','Casper','arno82@example.net','4f860bc2466a5e14fb99a23d04ffc26a6898e596',99927883776,'\0'),(29,'Kattie','Braun','amira.kuhn@example.net','f4f5153b74d50de2f11280a128b9beee265d81ab',98205193517,''),(30,'Hortense','Predovic','jakubowski.cheyanne@example.com','f68e386a7798d7ba3c6c2c449bf4eda2dc2b3069',97424229633,'\0'),(31,'Kendall','Orn','collier.millie@example.org','a10f8dbc7faaaba89548617c6d76ccbbf54996c1',97745430528,'\0'),(32,'Thea','Larkin','gianni.crooks@example.com','d59c6550e3db91a45538dfc92bc15ee6ce483c9c',96015821530,''),(33,'Antonette','Batz','retha92@example.org','81a80a52e52d8aec3591c1e5dcd1f2662dfabd1d',97101739098,''),(34,'Urban','Pfeffer','mervin.hilpert@example.net','d5f0ebd8df5be99a9b90aa80b28599ca72f03425',98493426692,'\0'),(35,'Prince','Mitchell','umcdermott@example.net','4d25e31b776bf2c67237315b3a6ed64cb9f16e8e',91820005268,''),(36,'Evert','Reynolds','xreilly@example.net','30478573d8650dbf4f3d3bbb25f8332261bec1f0',96625120097,'\0'),(37,'Kelly','Boehm','ekeebler@example.com','039bdf428114e66c512dac3a30cfdc729bce4c84',98501815608,''),(38,'Dandre','Jast','alisa.deckow@example.net','fba0d0b8078fafc8a28833579c745a6da20dc997',94690649008,''),(39,'Annamarie','Buckridge','psanford@example.org','57e4e4e9b88e128896cd2a7e32c4547d230f122d',98668829634,''),(40,'Wilhelmine','Jakubowski','zkiehn@example.net','52ddca79005240940ccdc39d62c8129514eb4fc6',99737971051,'\0'),(41,'Lessie','Effertz','howe.mario@example.com','e8494aedb4cea4e11dd03600c42951f63eeff2ff',95400702941,''),(42,'Geovany','Bartell','vabshire@example.org','8dacaefb41a41a4f8dae203a255f01b94b80562d',90794376768,''),(43,'Bonnie','Price','laurine.kerluke@example.org','a2ac1e6ecb2ea1da62ef5fa59a3dd5e882d34848',96215834103,'\0'),(44,'Chaya','Kerluke','rkirlin@example.net','ed6fd57f7a609deaa006d1ce15d5c55098f8a39e',99988733869,'\0'),(45,'Garnet','Paucek','natalia.green@example.net','ef6c6fa3d3278abc9a61b9c98e4c0f8040e24ae0',90026258295,'\0'),(46,'Stella','Spencer','thiel.freddy@example.com','f86ab98fff4f83868feb4fbac887a120bf0494a5',90536206076,''),(47,'Flo','Kuhn','alva.schowalter@example.net','a7a2c0bee1fe2b9b77cf1eaff27380ae4a741dd2',99115474227,''),(48,'Elisabeth','Thompson','chanelle23@example.com','aa4de762734bb71de7fafc3805fdfc8bcbff6287',99256790298,''),(49,'Evangeline','Conn','kieran84@example.com','957ea3a634ed8202e6574940f2658788108d830e',96691213881,''),(50,'Cristina','Senger','fernando.dickinson@example.org','c5605ccd892272cde9ea6b1a468259304eefd792',98381418840,''),(51,'Alysa','Marks','russ.cummings@example.net','78946415bf86ee36a5e5a8e3fea9f9f08226839e',99452001679,'\0'),(52,'Benjamin','Quigley','fcronin@example.org','f5b0a3bfb1648472abaa28eb2457a585451e92cf',94198092652,''),(53,'Eulah','Erdman','amalia.zboncak@example.org','6f895147943e5bd6dcbf96c40b8c8aa3577986ba',95426710082,''),(54,'Angelita','Kertzmann','bettie94@example.net','92531aa23a1753ddc080d0417dc1686b63bb5820',91410350754,'\0'),(55,'Monserrat','Orn','prosacco.bella@example.com','41b8dd74f01b5d8fc8ab21fd3a07a423c20c0651',96788326379,''),(56,'Jaqueline','Spinka','grant.blaise@example.org','a80e4bafa51d4faafb709ab3e07886721d1ca57f',94160820750,''),(57,'Marina','Bartoletti','heaney.serena@example.net','b316c3a0c921dacae9ab4cde7aa00478af2550ca',99779886737,'\0'),(58,'Roderick','Gutkowski','pcorwin@example.net','e6498d575e37e000642d9de142c83124c1800e90',96922907934,''),(59,'Crystal','Bradtke','genevieve41@example.org','a9274e6404b31571ac7edc922b0af732ae4d8111',97172549975,''),(60,'Imani','Emard','graham.dimitri@example.org','d7f232577fb5640c6f3749a3d23adfc21613d59f',97455476367,''),(61,'Ashley','Jakubowski','xdeckow@example.com','bcada77387749fe82ef19cda60a2ee5735a8cf3c',97529680555,''),(62,'Gerard','Gusikowski','deondre37@example.org','8a95d9f8fe8b3d6ce9b9f15ad3406348f65b8ac9',92369352673,''),(63,'Holden','Ondricka','marion40@example.org','74a09cefa80f27c0ac01726ed6f099e09a6b0de4',95562984480,''),(64,'Summer','Barrows','brain.crooks@example.net','0c387ea8988e6e8104e49abb35c91256d8982c46',98094438234,''),(65,'Izabella','Mante','abshire.trace@example.com','d07712c45ddd03b3c672dd927f82b5d1c9a174e5',92226321940,'\0'),(66,'Davin','Emard','kshlerin.abagail@example.org','5cd7ff28b2d563ce484885bbdfa639e0d2a74f4e',93456870035,'\0'),(67,'Hortense','Considine','von.adrain@example.com','cd36c7741dee51480af131444994033baa598ded',92747437890,'\0'),(68,'Connor','Sipes','garret.collins@example.com','71ce5dda2938a33a964649c53e535e0fe7bc43cf',99958644592,'\0'),(69,'Summer','Wintheiser','ari91@example.com','7c7f2684e7b75c006aa56e3573aa66cd3886876d',98399219875,'\0'),(70,'Ashley','Conroy','kuhic.hillary@example.org','2c28600a8edbb818f43f034e4b0b7a7c3fcd93d6',93891482411,'\0'),(71,'Lina','Pacocha','reginald.cormier@example.org','e55561001838284273f7c03df0a2c6ac5f6954c8',99456596406,''),(72,'Nettie','Glover','eldridge40@example.com','12794022bad4d7fe6e37683959524e97eda8d68e',90194115411,''),(73,'Abagail','Kirlin','giovanna00@example.org','4ca045c63a9477e92478cca0ace2709c3425ac3d',93730192735,''),(74,'Della','McClure','zane88@example.org','5e7083be902080c86a87631b775650923cedc8cb',99237700732,'\0'),(75,'Kailey','Roob','snitzsche@example.com','4426c70b72ae0b05e9b5c225254ed4be227a1f16',91971673091,''),(76,'Lawson','Feeney','wilkinson.hope@example.com','453317207608722ae01865749131527be046f1bd',92432137961,''),(77,'Kristoffer','Hoeger','wkohler@example.net','607b5a629ad5d3a8155dec676f02d1f66b69ca58',96532200256,''),(78,'Marjolaine','Bergnaum','torphy.jada@example.net','3d44be6f3f48ebaf8b40cda53b99b03a383c6d8c',94826404463,''),(79,'Chadd','Prosacco','allan.russel@example.net','c547cd07ad5f4835d3ba0303aec3a9a0838f0ae7',91034834162,''),(80,'Darien','Kuhic','green.candelario@example.org','19591a9e04bde3f871e3e88666bff6147a5c5b80',99697833153,'\0'),(81,'Leopold','Moen','jeff.zemlak@example.org','29f4122e6cc9576d70bae1f03a8e87978c802417',95739397567,'\0'),(82,'David','Ruecker','hosea71@example.com','f09de02623b8aafd508b414a36aac35da987aafc',98472161734,'\0'),(83,'Rick','Schoen','skautzer@example.org','636526dd6f76c64fc388cd6ed6a11c33997c4110',98726478874,''),(84,'Jason','Larkin','emma00@example.com','f284b0ce992aeb1823687a7b79fea2aa68966e49',90741160307,'\0'),(85,'Bryon','Murray','shanahan.diamond@example.com','36ac8dae487b140ae027834bbae0b74bd0858473',97097558456,'\0'),(86,'Maye','West','sadams@example.org','b4114d77bcb8cc3c9f1f4ca0ab52b7bc277105af',93207278770,''),(87,'Jerrold','Kuhlman','tommie30@example.net','d5f0c9ec5b1c47c3b3cd499096dc1c58c5466173',91535167364,'\0'),(88,'Merl','Haag','deon96@example.net','ddc4ae1fc90ea9cf92d81e4dd345881eee376e7b',96482636828,''),(89,'Shanel','Champlin','cleora62@example.com','306de325cd9ae17c81dea38d213c279ccad68f8a',97902540242,'\0'),(90,'Jennifer','Kub','stefanie56@example.com','622475d95bbcf54d075d21cecc0f004b835cfe5d',93248742736,''),(91,'Haleigh','Kutch','williamson.jody@example.org','737b1dbf4d273202478a7702c34912e3a8de1339',93770191410,'\0'),(92,'Savanah','Eichmann','vraynor@example.org','a5ae4e2b07d01479e193d00050a795fe27b029ac',93722415433,''),(93,'Anissa','Sawayn','cruz.terry@example.com','ebd1172e8fc2db7889aae49cf52c14cb4c8f4bb3',99278001556,''),(94,'Deanna','Abshire','tyrel44@example.net','c308a0be5cb94ce76a259746f80dc163793392ac',90915887724,'\0'),(95,'Alexanne','Ruecker','aurore.jaskolski@example.net','b940fbcb7e8c0821e74d15a4f1e96d6fa53efa1e',92965028101,'\0'),(96,'Walton','Beatty','darrin.spencer@example.org','ea7b920156483e067ee82461ac81d9e408b20e38',96181831753,''),(97,'Gino','Bogisich','river77@example.net','fa5a40201158066a42b272453ef145725a7063da',99888560324,''),(98,'Dane','Cremin','branson.thompson@example.net','55505b63f8e8356529b513df1c40a6761fb4fee5',97288368207,'\0'),(99,'Nolan','Heathcote','vbauch@example.com','cb2a58a3cb02c6c3ab65c207ac03852704628cb2',93677046384,'\0'),(100,'Nat','White','lera69@example.net','36db563f5ed74d8417d252a97a35f59c34f9f015',97829979242,'\0');
/*!40000 ALTER TABLE `users` ENABLE KEYS */;
UNLOCK TABLES;

--
-- Table structure for table `users_communities`
--

DROP TABLE IF EXISTS `users_communities`;
/*!40101 SET @saved_cs_client     = @@character_set_client */;
/*!40101 SET character_set_client = utf8 */;
CREATE TABLE `users_communities` (
  `user_id` bigint(20) unsigned NOT NULL,
  `community_id` bigint(20) unsigned NOT NULL,
  PRIMARY KEY (`user_id`,`community_id`),
  KEY `community_id` (`community_id`),
  CONSTRAINT `users_communities_ibfk_1` FOREIGN KEY (`user_id`) REFERENCES `users` (`id`) ON DELETE CASCADE ON UPDATE CASCADE,
  CONSTRAINT `users_communities_ibfk_2` FOREIGN KEY (`community_id`) REFERENCES `communities` (`id`) ON DELETE CASCADE ON UPDATE CASCADE
) ENGINE=InnoDB DEFAULT CHARSET=utf8mb4 COLLATE=utf8mb4_unicode_ci;
/*!40101 SET character_set_client = @saved_cs_client */;

--
-- Dumping data for table `users_communities`
--

LOCK TABLES `users_communities` WRITE;
/*!40000 ALTER TABLE `users_communities` DISABLE KEYS */;
INSERT INTO `users_communities` VALUES (1,23),(2,77),(3,4),(4,52),(5,83),(6,25),(7,1),(8,93),(9,87),(10,76),(11,56),(12,76),(13,88),(14,41),(15,5),(16,20),(17,72),(18,50),(19,54),(20,99),(21,26),(22,72),(23,9),(24,36),(25,82),(26,50),(27,85),(28,65),(29,87),(30,70),(31,60),(32,10),(33,47),(34,64),(35,62),(36,30),(37,88),(38,62),(39,22),(40,75),(41,38),(42,78),(43,51),(44,25),(45,18),(46,55),(47,45),(48,90),(49,5),(50,99),(51,88),(52,30),(53,71),(54,97),(55,66),(56,53),(57,46),(58,50),(59,17),(60,33),(61,20),(62,76),(63,42),(64,66),(65,40),(66,4),(67,95),(68,28),(69,66),(70,17),(71,2),(72,3),(73,94),(74,52),(75,28),(76,12),(77,7),(78,72),(79,1),(80,11),(81,71),(82,89),(83,41),(84,41),(85,85),(86,6),(87,93),(88,30),(89,56),(90,9),(91,63),(92,75),(93,85),(94,5),(95,41),(96,24),(97,8),(98,35),(99,52),(100,74);
/*!40000 ALTER TABLE `users_communities` ENABLE KEYS */;
UNLOCK TABLES;
/*!40103 SET TIME_ZONE=@OLD_TIME_ZONE */;

/*!40101 SET SQL_MODE=@OLD_SQL_MODE */;
/*!40014 SET FOREIGN_KEY_CHECKS=@OLD_FOREIGN_KEY_CHECKS */;
/*!40014 SET UNIQUE_CHECKS=@OLD_UNIQUE_CHECKS */;
/*!40101 SET CHARACTER_SET_CLIENT=@OLD_CHARACTER_SET_CLIENT */;
/*!40101 SET CHARACTER_SET_RESULTS=@OLD_CHARACTER_SET_RESULTS */;
/*!40101 SET COLLATION_CONNECTION=@OLD_COLLATION_CONNECTION */;
/*!40111 SET SQL_NOTES=@OLD_SQL_NOTES */;

-- Dump completed on 2022-12-16 11:08:04


SELECT DISTINCT firstname from users ORDER BY firstname; 

UPDATE users
SET 
	is_deleted = 1
WHERE id > 65 AND id < 80;


DELETE FROM messages WHERE created_at > "2010-05-26 10:36:26";


--  :       .
